feature,train_missing_count,train_missing_rate,test_missing_count,test_missing_rate,feature_group,semantic_type,missing_rate_difference
num2sum__v21__v114,637,0.005572029635849931,596,0.005210109010166706,numerical_pair_sums,numerical,-0.0003619206256832248
num2sum__v21__v34,635,0.005554535037307231,594,0.005192625422884268,numerical_pair_sums,numerical,-0.00036190961442296356
num2sum__v21__v40,635,0.005554535037307231,594,0.005192625422884268,numerical_pair_sums,numerical,-0.00036190961442296356
num2sum__v21__v50,613,0.005362094453337532,575,0.0050265313437011004,numerical_pair_sums,numerical,-0.00033556310963643154
num2sum__v12__v21,613,0.005362094453337532,575,0.0050265313437011004,numerical_pair_sums,numerical,-0.00033556310963643154
num2sum__v21__v72,611,0.005344599854794832,573,0.005009047756418662,numerical_pair_sums,numerical,-0.0003355520983761703
v21,611,0.005344599854794832,573,0.005009047756418662,original_numerical,numerical,-0.0003355520983761703
num2sum__v14__v21,611,0.005344599854794832,573,0.005009047756418662,numerical_pair_sums,numerical,-0.0003355520983761703
num2sum__v21__v62,611,0.005344599854794832,573,0.005009047756418662,numerical_pair_sums,numerical,-0.0003355520983761703
num2sum__v10__v21,611,0.005344599854794832,573,0.005009047756418662,numerical_pair_sums,numerical,-0.0003355520983761703
num2sum__v21__v129,611,0.005344599854794832,573,0.005009047756418662,numerical_pair_sums,numerical,-0.0003355520983761703
num2sum__v21__v38,611,0.005344599854794832,573,0.005009047756418662,numerical_pair_sums,numerical,-0.0003355520983761703
num2sum__v50__v114,113,0.0009884448176625466,106,0.0009266301259692463,numerical_pair_sums,numerical,-6.181469169330028e-05
num2sum__v12__v40,113,0.0009884448176625466,106,0.0009266301259692463,numerical_pair_sums,numerical,-6.181469169330028e-05
num2sum__v12__v34,113,0.0009884448176625466,106,0.0009266301259692463,numerical_pair_sums,numerical,-6.181469169330028e-05
num2sum__v34__v114,113,0.0009884448176625466,106,0.0009266301259692463,numerical_pair_sums,numerical,-6.181469169330028e-05
num2sum__v10__v114,113,0.0009884448176625466,106,0.0009266301259692463,numerical_pair_sums,numerical,-6.181469169330028e-05
num2sum__v34__v50,113,0.0009884448176625466,106,0.0009266301259692463,numerical_pair_sums,numerical,-6.181469169330028e-05
num2sum__v40__v50,113,0.0009884448176625466,106,0.0009266301259692463,numerical_pair_sums,numerical,-6.181469169330028e-05
num2sum__v12__v114,113,0.0009884448176625466,106,0.0009266301259692463,numerical_pair_sums,numerical,-6.181469169330028e-05
num2sum__v40__v114,113,0.0009884448176625466,106,0.0009266301259692463,numerical_pair_sums,numerical,-6.181469169330028e-05
num2sum__v34__v38,111,0.0009709502191198468,104,0.0009091465386868077,numerical_pair_sums,numerical,-6.180368043303905e-05
num2sum__v34__v40,111,0.0009709502191198468,104,0.0009091465386868077,numerical_pair_sums,numerical,-6.180368043303905e-05
num2sum__v34__v62,111,0.0009709502191198468,104,0.0009091465386868077,numerical_pair_sums,numerical,-6.180368043303905e-05
num2sum__v10__v40,111,0.0009709502191198468,104,0.0009091465386868077,numerical_pair_sums,numerical,-6.180368043303905e-05
v34,111,0.0009709502191198468,104,0.0009091465386868077,original_numerical,numerical,-6.180368043303905e-05
num2sum__v34__v72,111,0.0009709502191198468,104,0.0009091465386868077,numerical_pair_sums,numerical,-6.180368043303905e-05
v40,111,0.0009709502191198468,104,0.0009091465386868077,original_numerical,numerical,-6.180368043303905e-05
num2sum__v34__v129,111,0.0009709502191198468,104,0.0009091465386868077,numerical_pair_sums,numerical,-6.180368043303905e-05
num2sum__v38__v40,111,0.0009709502191198468,104,0.0009091465386868077,numerical_pair_sums,numerical,-6.180368043303905e-05
num2sum__v40__v62,111,0.0009709502191198468,104,0.0009091465386868077,numerical_pair_sums,numerical,-6.180368043303905e-05
num2sum__v40__v72,111,0.0009709502191198468,104,0.0009091465386868077,numerical_pair_sums,numerical,-6.180368043303905e-05
num2sum__v40__v129,111,0.0009709502191198468,104,0.0009091465386868077,numerical_pair_sums,numerical,-6.180368043303905e-05
num2sum__v10__v34,111,0.0009709502191198468,104,0.0009091465386868077,numerical_pair_sums,numerical,-6.180368043303905e-05
num2sum__v14__v34,111,0.0009709502191198468,104,0.0009091465386868077,numerical_pair_sums,numerical,-6.180368043303905e-05
num2sum__v14__v40,111,0.0009709502191198468,104,0.0009091465386868077,numerical_pair_sums,numerical,-6.180368043303905e-05
v50,86,0.0007522677373360975,84,0.0007343106658624217,original_numerical,numerical,-1.7957071473675805e-05
v12,86,0.0007522677373360975,84,0.0007343106658624217,original_numerical,numerical,-1.7957071473675805e-05
num2sum__v12__v129,86,0.0007522677373360975,84,0.0007343106658624217,numerical_pair_sums,numerical,-1.7957071473675805e-05
num2sum__v12__v72,86,0.0007522677373360975,84,0.0007343106658624217,numerical_pair_sums,numerical,-1.7957071473675805e-05
num2sum__v12__v62,86,0.0007522677373360975,84,0.0007343106658624217,numerical_pair_sums,numerical,-1.7957071473675805e-05
num2sum__v12__v50,86,0.0007522677373360975,84,0.0007343106658624217,numerical_pair_sums,numerical,-1.7957071473675805e-05
num2sum__v12__v38,86,0.0007522677373360975,84,0.0007343106658624217,numerical_pair_sums,numerical,-1.7957071473675805e-05
num2sum__v50__v72,86,0.0007522677373360975,84,0.0007343106658624217,numerical_pair_sums,numerical,-1.7957071473675805e-05
num2sum__v50__v62,86,0.0007522677373360975,84,0.0007343106658624217,numerical_pair_sums,numerical,-1.7957071473675805e-05
num2sum__v14__v50,86,0.0007522677373360975,84,0.0007343106658624217,numerical_pair_sums,numerical,-1.7957071473675805e-05
num2sum__v10__v12,86,0.0007522677373360975,84,0.0007343106658624217,numerical_pair_sums,numerical,-1.7957071473675805e-05
num2sum__v50__v129,86,0.0007522677373360975,84,0.0007343106658624217,numerical_pair_sums,numerical,-1.7957071473675805e-05
num2sum__v10__v50,86,0.0007522677373360975,84,0.0007343106658624217,numerical_pair_sums,numerical,-1.7957071473675805e-05
num2sum__v38__v50,86,0.0007522677373360975,84,0.0007343106658624217,numerical_pair_sums,numerical,-1.7957071473675805e-05
num2sum__v12__v14,86,0.0007522677373360975,84,0.0007343106658624217,numerical_pair_sums,numerical,-1.7957071473675805e-05
v10,84,0.0007347731387933975,82,0.0007168270785799831,original_numerical,numerical,-1.7946060213414462e-05
num2sum__v10__v14,84,0.0007347731387933975,82,0.0007168270785799831,numerical_pair_sums,numerical,-1.7946060213414462e-05
num2sum__v10__v38,84,0.0007347731387933975,82,0.0007168270785799831,numerical_pair_sums,numerical,-1.7946060213414462e-05
num2sum__v10__v62,84,0.0007347731387933975,82,0.0007168270785799831,numerical_pair_sums,numerical,-1.7946060213414462e-05
num2sum__v10__v72,84,0.0007347731387933975,82,0.0007168270785799831,numerical_pair_sums,numerical,-1.7946060213414462e-05
num2sum__v10__v129,84,0.0007347731387933975,82,0.0007168270785799831,numerical_pair_sums,numerical,-1.7946060213414462e-05
num2sum__v14__v114,33,0.000288660875954549,26,0.00022728663467170193,numerical_pair_sums,numerical,-6.137424128284708e-05
num2sum__v38__v114,30,0.00026241897814049915,24,0.00020980304738926333,numerical_pair_sums,numerical,-5.261593075123582e-05
num2sum__v62__v114,30,0.00026241897814049915,24,0.00020980304738926333,numerical_pair_sums,numerical,-5.261593075123582e-05
v114,30,0.00026241897814049915,24,0.00020980304738926333,original_numerical,numerical,-5.261593075123582e-05
num2sum__v72__v114,30,0.00026241897814049915,24,0.00020980304738926333,numerical_pair_sums,numerical,-5.261593075123582e-05
num2sum__v114__v129,30,0.00026241897814049915,24,0.00020980304738926333,numerical_pair_sums,numerical,-5.261593075123582e-05
v14,4,3.498919708539988e-05,2,1.748358728243861e-05,original_numerical,numerical,-1.750560980296127e-05
num2sum__v14__v129,4,3.498919708539988e-05,2,1.748358728243861e-05,numerical_pair_sums,numerical,-1.750560980296127e-05
num2sum__v14__v72,4,3.498919708539988e-05,2,1.748358728243861e-05,numerical_pair_sums,numerical,-1.750560980296127e-05
num2sum__v14__v38,4,3.498919708539988e-05,2,1.748358728243861e-05,numerical_pair_sums,numerical,-1.750560980296127e-05
num2sum__v14__v62,4,3.498919708539988e-05,2,1.748358728243861e-05,numerical_pair_sums,numerical,-1.750560980296127e-05
cat11__v22__v30__v31__v47__v52__v56__v66__v79__v91__v112__v113,0,0.0,0,0.0,high_order_v22_interactions,categorical,0.0
cat11__v22__v30__v31__v47__v52__v56__v75__v79__v91__v112__v113,0,0.0,0,0.0,high_order_v22_interactions,categorical,0.0
cat11__v22__v24__v31__v47__v52__v56__v66__v75__v79__v91__v113,0,0.0,0,0.0,high_order_v22_interactions,categorical,0.0
rnum__v129,0,0.0,0,0.0,rounded_numeric_categories,categorical,0.0
num2sum__v38__v62,0,0.0,0,0.0,numerical_pair_sums,numerical,0.0
num2sum__v38__v72,0,0.0,0,0.0,numerical_pair_sums,numerical,0.0
num2sum__v38__v129,0,0.0,0,0.0,numerical_pair_sums,numerical,0.0
num2sum__v62__v72,0,0.0,0,0.0,numerical_pair_sums,numerical,0.0
num2sum__v62__v129,0,0.0,0,0.0,numerical_pair_sums,numerical,0.0
num2sum__v72__v129,0,0.0,0,0.0,numerical_pair_sums,numerical,0.0
cat1__v22,0,0.0,0,0.0,categorical_1way,categorical,0.0
cat1__v24,0,0.0,0,0.0,categorical_1way,categorical,0.0
cat1__v30,0,0.0,0,0.0,categorical_1way,categorical,0.0
cat1__v31,0,0.0,0,0.0,categorical_1way,categorical,0.0
cat1__v47,0,0.0,0,0.0,categorical_1way,categorical,0.0
cat1__v52,0,0.0,0,0.0,categorical_1way,categorical,0.0
cat1__v56,0,0.0,0,0.0,categorical_1way,categorical,0.0
cat1__v66,0,0.0,0,0.0,categorical_1way,categorical,0.0
cat1__v75,0,0.0,0,0.0,categorical_1way,categorical,0.0
cat1__v79,0,0.0,0,0.0,categorical_1way,categorical,0.0
cat1__v91,0,0.0,0,0.0,categorical_1way,categorical,0.0
cat1__v112,0,0.0,0,0.0,categorical_1way,categorical,0.0
cat1__v113,0,0.0,0,0.0,categorical_1way,categorical,0.0
cat2__v22__v24,0,0.0,0,0.0,categorical_2way,categorical,0.0
cat2__v22__v30,0,0.0,0,0.0,categorical_2way,categorical,0.0
cat2__v22__v31,0,0.0,0,0.0,categorical_2way,categorical,0.0
cat2__v22__v47,0,0.0,0,0.0,categorical_2way,categorical,0.0
cat2__v22__v52,0,0.0,0,0.0,categorical_2way,categorical,0.0
cat2__v22__v56,0,0.0,0,0.0,categorical_2way,categorical,0.0
cat2__v22__v66,0,0.0,0,0.0,categorical_2way,categorical,0.0
cat2__v22__v75,0,0.0,0,0.0,categorical_2way,categorical,0.0
cat2__v22__v79,0,0.0,0,0.0,categorical_2way,categorical,0.0
cat2__v22__v91,0,0.0,0,0.0,categorical_2way,categorical,0.0
cat2__v22__v112,0,0.0,0,0.0,categorical_2way,categorical,0.0
cat2__v22__v113,0,0.0,0,0.0,categorical_2way,categorical,0.0
cat2__v24__v30,0,0.0,0,0.0,categorical_2way,categorical,0.0
cat2__v24__v31,0,0.0,0,0.0,categorical_2way,categorical,0.0
cat2__v24__v47,0,0.0,0,0.0,categorical_2way,categorical,0.0
cat2__v24__v52,0,0.0,0,0.0,categorical_2way,categorical,0.0
cat2__v24__v56,0,0.0,0,0.0,categorical_2way,categorical,0.0
cat2__v24__v66,0,0.0,0,0.0,categorical_2way,categorical,0.0
cat2__v24__v75,0,0.0,0,0.0,categorical_2way,categorical,0.0
cat2__v24__v79,0,0.0,0,0.0,categorical_2way,categorical,0.0
cat2__v24__v91,0,0.0,0,0.0,categorical_2way,categorical,0.0
cat2__v24__v112,0,0.0,0,0.0,categorical_2way,categorical,0.0
cat2__v24__v113,0,0.0,0,0.0,categorical_2way,categorical,0.0
cat2__v30__v31,0,0.0,0,0.0,categorical_2way,categorical,0.0
cat2__v30__v47,0,0.0,0,0.0,categorical_2way,categorical,0.0
cat2__v30__v52,0,0.0,0,0.0,categorical_2way,categorical,0.0
cat2__v30__v56,0,0.0,0,0.0,categorical_2way,categorical,0.0
cat2__v30__v66,0,0.0,0,0.0,categorical_2way,categorical,0.0
cat2__v30__v75,0,0.0,0,0.0,categorical_2way,categorical,0.0
cat2__v30__v79,0,0.0,0,0.0,categorical_2way,categorical,0.0
cat2__v30__v91,0,0.0,0,0.0,categorical_2way,categorical,0.0
cat2__v30__v112,0,0.0,0,0.0,categorical_2way,categorical,0.0
cat2__v30__v113,0,0.0,0,0.0,categorical_2way,categorical,0.0
cat2__v31__v47,0,0.0,0,0.0,categorical_2way,categorical,0.0
cat2__v31__v52,0,0.0,0,0.0,categorical_2way,categorical,0.0
cat2__v31__v56,0,0.0,0,0.0,categorical_2way,categorical,0.0
cat2__v31__v66,0,0.0,0,0.0,categorical_2way,categorical,0.0
cat2__v31__v75,0,0.0,0,0.0,categorical_2way,categorical,0.0
cat2__v31__v79,0,0.0,0,0.0,categorical_2way,categorical,0.0
cat2__v31__v91,0,0.0,0,0.0,categorical_2way,categorical,0.0
cat2__v31__v112,0,0.0,0,0.0,categorical_2way,categorical,0.0
cat2__v31__v113,0,0.0,0,0.0,categorical_2way,categorical,0.0
cat2__v47__v52,0,0.0,0,0.0,categorical_2way,categorical,0.0
cat2__v47__v56,0,0.0,0,0.0,categorical_2way,categorical,0.0
cat2__v47__v66,0,0.0,0,0.0,categorical_2way,categorical,0.0
cat2__v47__v75,0,0.0,0,0.0,categorical_2way,categorical,0.0
cat2__v47__v79,0,0.0,0,0.0,categorical_2way,categorical,0.0
cat2__v47__v91,0,0.0,0,0.0,categorical_2way,categorical,0.0
cat2__v47__v112,0,0.0,0,0.0,categorical_2way,categorical,0.0
cat2__v47__v113,0,0.0,0,0.0,categorical_2way,categorical,0.0
cat2__v52__v56,0,0.0,0,0.0,categorical_2way,categorical,0.0
cat2__v52__v66,0,0.0,0,0.0,categorical_2way,categorical,0.0
cat2__v52__v75,0,0.0,0,0.0,categorical_2way,categorical,0.0
cat2__v52__v79,0,0.0,0,0.0,categorical_2way,categorical,0.0
cat2__v52__v91,0,0.0,0,0.0,categorical_2way,categorical,0.0
cat2__v52__v112,0,0.0,0,0.0,categorical_2way,categorical,0.0
cat2__v52__v113,0,0.0,0,0.0,categorical_2way,categorical,0.0
cat2__v56__v66,0,0.0,0,0.0,categorical_2way,categorical,0.0
cat2__v56__v75,0,0.0,0,0.0,categorical_2way,categorical,0.0
cat2__v56__v79,0,0.0,0,0.0,categorical_2way,categorical,0.0
cat2__v56__v91,0,0.0,0,0.0,categorical_2way,categorical,0.0
cat2__v56__v112,0,0.0,0,0.0,categorical_2way,categorical,0.0
cat2__v56__v113,0,0.0,0,0.0,categorical_2way,categorical,0.0
cat2__v66__v75,0,0.0,0,0.0,categorical_2way,categorical,0.0
cat2__v66__v79,0,0.0,0,0.0,categorical_2way,categorical,0.0
cat2__v66__v91,0,0.0,0,0.0,categorical_2way,categorical,0.0
cat2__v66__v112,0,0.0,0,0.0,categorical_2way,categorical,0.0
cat2__v66__v113,0,0.0,0,0.0,categorical_2way,categorical,0.0
cat2__v75__v79,0,0.0,0,0.0,categorical_2way,categorical,0.0
cat2__v75__v91,0,0.0,0,0.0,categorical_2way,categorical,0.0
cat2__v75__v112,0,0.0,0,0.0,categorical_2way,categorical,0.0
cat2__v75__v113,0,0.0,0,0.0,categorical_2way,categorical,0.0
cat2__v79__v91,0,0.0,0,0.0,categorical_2way,categorical,0.0
cat2__v79__v112,0,0.0,0,0.0,categorical_2way,categorical,0.0
cat2__v79__v113,0,0.0,0,0.0,categorical_2way,categorical,0.0
cat2__v91__v112,0,0.0,0,0.0,categorical_2way,categorical,0.0
cat2__v91__v113,0,0.0,0,0.0,categorical_2way,categorical,0.0
cat2__v112__v113,0,0.0,0,0.0,categorical_2way,categorical,0.0
cat3__v22__v24__v30,0,0.0,0,0.0,categorical_3way_v22,categorical,0.0
cat3__v22__v24__v31,0,0.0,0,0.0,categorical_3way_v22,categorical,0.0
cat3__v22__v24__v47,0,0.0,0,0.0,categorical_3way_v22,categorical,0.0
cat3__v22__v24__v52,0,0.0,0,0.0,categorical_3way_v22,categorical,0.0
cat3__v22__v24__v56,0,0.0,0,0.0,categorical_3way_v22,categorical,0.0
cat3__v22__v24__v66,0,0.0,0,0.0,categorical_3way_v22,categorical,0.0
cat3__v22__v24__v75,0,0.0,0,0.0,categorical_3way_v22,categorical,0.0
cat3__v22__v24__v79,0,0.0,0,0.0,categorical_3way_v22,categorical,0.0
cat3__v22__v24__v91,0,0.0,0,0.0,categorical_3way_v22,categorical,0.0
cat3__v22__v24__v112,0,0.0,0,0.0,categorical_3way_v22,categorical,0.0
cat3__v22__v24__v113,0,0.0,0,0.0,categorical_3way_v22,categorical,0.0
cat3__v22__v30__v31,0,0.0,0,0.0,categorical_3way_v22,categorical,0.0
cat3__v22__v30__v47,0,0.0,0,0.0,categorical_3way_v22,categorical,0.0
cat3__v22__v30__v52,0,0.0,0,0.0,categorical_3way_v22,categorical,0.0
cat3__v22__v30__v56,0,0.0,0,0.0,categorical_3way_v22,categorical,0.0
cat3__v22__v30__v66,0,0.0,0,0.0,categorical_3way_v22,categorical,0.0
cat3__v22__v30__v75,0,0.0,0,0.0,categorical_3way_v22,categorical,0.0
cat3__v22__v30__v79,0,0.0,0,0.0,categorical_3way_v22,categorical,0.0
cat3__v22__v30__v91,0,0.0,0,0.0,categorical_3way_v22,categorical,0.0
cat3__v22__v30__v112,0,0.0,0,0.0,categorical_3way_v22,categorical,0.0
cat3__v22__v30__v113,0,0.0,0,0.0,categorical_3way_v22,categorical,0.0
cat3__v22__v31__v47,0,0.0,0,0.0,categorical_3way_v22,categorical,0.0
cat3__v22__v31__v52,0,0.0,0,0.0,categorical_3way_v22,categorical,0.0
cat3__v22__v31__v56,0,0.0,0,0.0,categorical_3way_v22,categorical,0.0
cat3__v22__v31__v66,0,0.0,0,0.0,categorical_3way_v22,categorical,0.0
cat3__v22__v31__v75,0,0.0,0,0.0,categorical_3way_v22,categorical,0.0
cat3__v22__v31__v79,0,0.0,0,0.0,categorical_3way_v22,categorical,0.0
cat3__v22__v31__v91,0,0.0,0,0.0,categorical_3way_v22,categorical,0.0
cat3__v22__v31__v112,0,0.0,0,0.0,categorical_3way_v22,categorical,0.0
cat3__v22__v31__v113,0,0.0,0,0.0,categorical_3way_v22,categorical,0.0
cat3__v22__v47__v52,0,0.0,0,0.0,categorical_3way_v22,categorical,0.0
cat3__v22__v47__v56,0,0.0,0,0.0,categorical_3way_v22,categorical,0.0
cat3__v22__v47__v66,0,0.0,0,0.0,categorical_3way_v22,categorical,0.0
cat3__v22__v47__v75,0,0.0,0,0.0,categorical_3way_v22,categorical,0.0
cat3__v22__v47__v79,0,0.0,0,0.0,categorical_3way_v22,categorical,0.0
cat3__v22__v47__v91,0,0.0,0,0.0,categorical_3way_v22,categorical,0.0
cat3__v22__v47__v112,0,0.0,0,0.0,categorical_3way_v22,categorical,0.0
cat3__v22__v47__v113,0,0.0,0,0.0,categorical_3way_v22,categorical,0.0
cat3__v22__v52__v56,0,0.0,0,0.0,categorical_3way_v22,categorical,0.0
cat3__v22__v52__v66,0,0.0,0,0.0,categorical_3way_v22,categorical,0.0
cat3__v22__v52__v75,0,0.0,0,0.0,categorical_3way_v22,categorical,0.0
cat3__v22__v52__v79,0,0.0,0,0.0,categorical_3way_v22,categorical,0.0
cat3__v22__v52__v91,0,0.0,0,0.0,categorical_3way_v22,categorical,0.0
cat3__v22__v52__v112,0,0.0,0,0.0,categorical_3way_v22,categorical,0.0
cat3__v22__v52__v113,0,0.0,0,0.0,categorical_3way_v22,categorical,0.0
cat3__v22__v56__v66,0,0.0,0,0.0,categorical_3way_v22,categorical,0.0
cat3__v22__v56__v75,0,0.0,0,0.0,categorical_3way_v22,categorical,0.0
cat3__v22__v56__v79,0,0.0,0,0.0,categorical_3way_v22,categorical,0.0
cat3__v22__v56__v91,0,0.0,0,0.0,categorical_3way_v22,categorical,0.0
cat3__v22__v56__v112,0,0.0,0,0.0,categorical_3way_v22,categorical,0.0
cat3__v22__v56__v113,0,0.0,0,0.0,categorical_3way_v22,categorical,0.0
cat3__v22__v66__v75,0,0.0,0,0.0,categorical_3way_v22,categorical,0.0
cat3__v22__v66__v79,0,0.0,0,0.0,categorical_3way_v22,categorical,0.0
cat3__v22__v66__v91,0,0.0,0,0.0,categorical_3way_v22,categorical,0.0
cat3__v22__v66__v112,0,0.0,0,0.0,categorical_3way_v22,categorical,0.0
cat3__v22__v66__v113,0,0.0,0,0.0,categorical_3way_v22,categorical,0.0
cat3__v22__v75__v79,0,0.0,0,0.0,categorical_3way_v22,categorical,0.0
cat3__v22__v75__v91,0,0.0,0,0.0,categorical_3way_v22,categorical,0.0
cat3__v22__v75__v112,0,0.0,0,0.0,categorical_3way_v22,categorical,0.0
cat3__v22__v75__v113,0,0.0,0,0.0,categorical_3way_v22,categorical,0.0
cat3__v22__v79__v91,0,0.0,0,0.0,categorical_3way_v22,categorical,0.0
cat3__v22__v79__v112,0,0.0,0,0.0,categorical_3way_v22,categorical,0.0
cat3__v22__v79__v113,0,0.0,0,0.0,categorical_3way_v22,categorical,0.0
cat3__v22__v91__v112,0,0.0,0,0.0,categorical_3way_v22,categorical,0.0
cat3__v22__v91__v113,0,0.0,0,0.0,categorical_3way_v22,categorical,0.0
cat3__v22__v112__v113,0,0.0,0,0.0,categorical_3way_v22,categorical,0.0
cat11__v22__v24__v30__v31__v47__v52__v56__v66__v75__v79__v91,0,0.0,0,0.0,high_order_v22_interactions,categorical,0.0
cat11__v22__v24__v30__v31__v47__v52__v56__v66__v75__v79__v112,0,0.0,0,0.0,high_order_v22_interactions,categorical,0.0
cat11__v22__v24__v30__v31__v47__v52__v56__v66__v75__v79__v113,0,0.0,0,0.0,high_order_v22_interactions,categorical,0.0
cat11__v22__v24__v30__v31__v47__v52__v56__v66__v75__v91__v112,0,0.0,0,0.0,high_order_v22_interactions,categorical,0.0
cat11__v22__v24__v30__v31__v47__v52__v56__v66__v75__v91__v113,0,0.0,0,0.0,high_order_v22_interactions,categorical,0.0
cat11__v22__v24__v30__v31__v47__v52__v56__v66__v75__v112__v113,0,0.0,0,0.0,high_order_v22_interactions,categorical,0.0
cat11__v22__v24__v30__v31__v47__v52__v56__v66__v79__v91__v112,0,0.0,0,0.0,high_order_v22_interactions,categorical,0.0
cat11__v22__v24__v30__v31__v47__v52__v56__v66__v79__v91__v113,0,0.0,0,0.0,high_order_v22_interactions,categorical,0.0
cat11__v22__v24__v30__v31__v47__v52__v56__v66__v79__v112__v113,0,0.0,0,0.0,high_order_v22_interactions,categorical,0.0
cat11__v22__v24__v30__v31__v47__v52__v56__v66__v91__v112__v113,0,0.0,0,0.0,high_order_v22_interactions,categorical,0.0
cat11__v22__v24__v30__v31__v47__v52__v56__v75__v79__v91__v112,0,0.0,0,0.0,high_order_v22_interactions,categorical,0.0
cat11__v22__v24__v30__v31__v47__v52__v56__v75__v79__v91__v113,0,0.0,0,0.0,high_order_v22_interactions,categorical,0.0
cat11__v22__v24__v30__v31__v47__v52__v56__v75__v79__v112__v113,0,0.0,0,0.0,high_order_v22_interactions,categorical,0.0
cat11__v22__v24__v30__v31__v47__v52__v56__v75__v91__v112__v113,0,0.0,0,0.0,high_order_v22_interactions,categorical,0.0
cat11__v22__v24__v30__v31__v47__v52__v56__v79__v91__v112__v113,0,0.0,0,0.0,high_order_v22_interactions,categorical,0.0
cat11__v22__v24__v30__v31__v47__v52__v66__v75__v79__v91__v112,0,0.0,0,0.0,high_order_v22_interactions,categorical,0.0
cat11__v22__v24__v30__v31__v47__v52__v66__v75__v79__v91__v113,0,0.0,0,0.0,high_order_v22_interactions,categorical,0.0
cat11__v22__v24__v30__v31__v47__v52__v66__v75__v79__v112__v113,0,0.0,0,0.0,high_order_v22_interactions,categorical,0.0
cat11__v22__v24__v30__v31__v47__v52__v66__v75__v91__v112__v113,0,0.0,0,0.0,high_order_v22_interactions,categorical,0.0
cat11__v22__v24__v30__v31__v47__v52__v66__v79__v91__v112__v113,0,0.0,0,0.0,high_order_v22_interactions,categorical,0.0
cat11__v22__v24__v30__v31__v47__v52__v75__v79__v91__v112__v113,0,0.0,0,0.0,high_order_v22_interactions,categorical,0.0
cat11__v22__v24__v30__v31__v47__v56__v66__v75__v79__v91__v112,0,0.0,0,0.0,high_order_v22_interactions,categorical,0.0
cat11__v22__v24__v30__v31__v47__v56__v66__v75__v79__v91__v113,0,0.0,0,0.0,high_order_v22_interactions,categorical,0.0
cat11__v22__v24__v30__v31__v47__v56__v66__v75__v79__v112__v113,0,0.0,0,0.0,high_order_v22_interactions,categorical,0.0
cat11__v22__v24__v30__v31__v47__v56__v66__v75__v91__v112__v113,0,0.0,0,0.0,high_order_v22_interactions,categorical,0.0
cat11__v22__v24__v30__v31__v47__v56__v66__v79__v91__v112__v113,0,0.0,0,0.0,high_order_v22_interactions,categorical,0.0
cat11__v22__v24__v30__v31__v47__v56__v75__v79__v91__v112__v113,0,0.0,0,0.0,high_order_v22_interactions,categorical,0.0
cat11__v22__v24__v30__v31__v47__v66__v75__v79__v91__v112__v113,0,0.0,0,0.0,high_order_v22_interactions,categorical,0.0
cat11__v22__v24__v30__v31__v52__v56__v66__v75__v79__v91__v112,0,0.0,0,0.0,high_order_v22_interactions,categorical,0.0
cat11__v22__v24__v30__v31__v52__v56__v66__v75__v79__v91__v113,0,0.0,0,0.0,high_order_v22_interactions,categorical,0.0
cat11__v22__v24__v30__v31__v52__v56__v66__v75__v79__v112__v113,0,0.0,0,0.0,high_order_v22_interactions,categorical,0.0
cat11__v22__v24__v30__v31__v52__v56__v66__v75__v91__v112__v113,0,0.0,0,0.0,high_order_v22_interactions,categorical,0.0
cat11__v22__v24__v30__v31__v52__v56__v66__v79__v91__v112__v113,0,0.0,0,0.0,high_order_v22_interactions,categorical,0.0
cat11__v22__v24__v30__v31__v52__v56__v75__v79__v91__v112__v113,0,0.0,0,0.0,high_order_v22_interactions,categorical,0.0
cat11__v22__v24__v30__v31__v52__v66__v75__v79__v91__v112__v113,0,0.0,0,0.0,high_order_v22_interactions,categorical,0.0
cat11__v22__v24__v30__v31__v56__v66__v75__v79__v91__v112__v113,0,0.0,0,0.0,high_order_v22_interactions,categorical,0.0
cat11__v22__v24__v30__v47__v52__v56__v66__v75__v79__v91__v112,0,0.0,0,0.0,high_order_v22_interactions,categorical,0.0
cat11__v22__v24__v30__v47__v52__v56__v66__v75__v79__v91__v113,0,0.0,0,0.0,high_order_v22_interactions,categorical,0.0
cat11__v22__v24__v30__v47__v52__v56__v66__v75__v79__v112__v113,0,0.0,0,0.0,high_order_v22_interactions,categorical,0.0
cat11__v22__v24__v30__v47__v52__v56__v66__v75__v91__v112__v113,0,0.0,0,0.0,high_order_v22_interactions,categorical,0.0
cat11__v22__v24__v30__v47__v52__v56__v66__v79__v91__v112__v113,0,0.0,0,0.0,high_order_v22_interactions,categorical,0.0
cat11__v22__v24__v30__v47__v52__v56__v75__v79__v91__v112__v113,0,0.0,0,0.0,high_order_v22_interactions,categorical,0.0
cat11__v22__v24__v30__v47__v52__v66__v75__v79__v91__v112__v113,0,0.0,0,0.0,high_order_v22_interactions,categorical,0.0
cat11__v22__v24__v30__v47__v56__v66__v75__v79__v91__v112__v113,0,0.0,0,0.0,high_order_v22_interactions,categorical,0.0
cat11__v22__v24__v30__v52__v56__v66__v75__v79__v91__v112__v113,0,0.0,0,0.0,high_order_v22_interactions,categorical,0.0
cat11__v22__v24__v31__v47__v52__v56__v66__v75__v79__v91__v112,0,0.0,0,0.0,high_order_v22_interactions,categorical,0.0
v62,0,0.0,0,0.0,original_numerical,numerical,0.0
cat11__v22__v30__v31__v52__v56__v66__v75__v79__v91__v112__v113,0,0.0,0,0.0,high_order_v22_interactions,categorical,0.0
cat11__v22__v30__v47__v52__v56__v66__v75__v79__v91__v112__v113,0,0.0,0,0.0,high_order_v22_interactions,categorical,0.0
cat11__v22__v31__v47__v52__v56__v66__v75__v79__v91__v112__v113,0,0.0,0,0.0,high_order_v22_interactions,categorical,0.0
rnum__v10,0,0.0,0,0.0,rounded_numeric_categories,categorical,0.0
rnum__v12,0,0.0,0,0.0,rounded_numeric_categories,categorical,0.0
rnum__v14,0,0.0,0,0.0,rounded_numeric_categories,categorical,0.0
rnum__v21,0,0.0,0,0.0,rounded_numeric_categories,categorical,0.0
rnum__v34,0,0.0,0,0.0,rounded_numeric_categories,categorical,0.0
rnum__v38,0,0.0,0,0.0,rounded_numeric_categories,categorical,0.0
rnum__v40,0,0.0,0,0.0,rounded_numeric_categories,categorical,0.0
rnum__v50,0,0.0,0,0.0,rounded_numeric_categories,categorical,0.0
rnum__v62,0,0.0,0,0.0,rounded_numeric_categories,categorical,0.0
rnum__v72,0,0.0,0,0.0,rounded_numeric_categories,categorical,0.0
rnum__v114,0,0.0,0,0.0,rounded_numeric_categories,categorical,0.0
cat11__v22__v30__v31__v47__v56__v66__v75__v79__v91__v112__v113,0,0.0,0,0.0,high_order_v22_interactions,categorical,0.0
v38,0,0.0,0,0.0,original_numerical,numerical,0.0
cat11__v22__v30__v31__v47__v52__v66__v75__v79__v91__v112__v113,0,0.0,0,0.0,high_order_v22_interactions,categorical,0.0
v129,0,0.0,0,0.0,original_numerical,numerical,0.0
cat11__v22__v24__v31__v47__v52__v56__v66__v75__v79__v112__v113,0,0.0,0,0.0,high_order_v22_interactions,categorical,0.0
cat11__v22__v24__v31__v47__v52__v56__v66__v75__v91__v112__v113,0,0.0,0,0.0,high_order_v22_interactions,categorical,0.0
cat11__v22__v24__v31__v47__v52__v56__v66__v79__v91__v112__v113,0,0.0,0,0.0,high_order_v22_interactions,categorical,0.0
cat11__v22__v24__v31__v47__v52__v56__v75__v79__v91__v112__v113,0,0.0,0,0.0,high_order_v22_interactions,categorical,0.0
cat11__v22__v24__v31__v47__v52__v66__v75__v79__v91__v112__v113,0,0.0,0,0.0,high_order_v22_interactions,categorical,0.0
cat11__v22__v24__v31__v47__v56__v66__v75__v79__v91__v112__v113,0,0.0,0,0.0,high_order_v22_interactions,categorical,0.0
cat11__v22__v24__v31__v52__v56__v66__v75__v79__v91__v112__v113,0,0.0,0,0.0,high_order_v22_interactions,categorical,0.0
cat11__v22__v24__v47__v52__v56__v66__v75__v79__v91__v112__v113,0,0.0,0,0.0,high_order_v22_interactions,categorical,0.0
cat11__v22__v30__v31__v47__v52__v56__v66__v75__v79__v91__v112,0,0.0,0,0.0,high_order_v22_interactions,categorical,0.0
cat11__v22__v30__v31__v47__v52__v56__v66__v75__v79__v91__v113,0,0.0,0,0.0,high_order_v22_interactions,categorical,0.0
cat11__v22__v30__v31__v47__v52__v56__v66__v75__v79__v112__v113,0,0.0,0,0.0,high_order_v22_interactions,categorical,0.0
cat11__v22__v30__v31__v47__v52__v56__v66__v75__v91__v112__v113,0,0.0,0,0.0,high_order_v22_interactions,categorical,0.0
v72,0,0.0,0,0.0,original_numerical,numerical,0.0
