feature,train_unique,test_unique,train_unique_ratio,test_unique_ratio,shared_values,train_only_values,test_only_values,test_only_ratio,feature_group,semantic_type,cardinality_group
cat1__v22,18211,13045,0.15929706703055432,0.11403669804970584,13044,5167,1,7.665772326561901e-05,categorical_1way,categorical,medium
cat1__v24,5,5,4.373649635674985e-05,4.370896820609653e-05,5,0,0,0.0,categorical_1way,categorical,very_low
cat1__v30,8,8,6.997839417079976e-05,6.993434912975444e-05,8,0,0,0.0,categorical_1way,categorical,very_low
cat1__v31,4,4,3.498919708539988e-05,3.496717456487722e-05,4,0,0,0.0,categorical_1way,categorical,very_low
cat1__v47,10,9,8.74729927134997e-05,7.867614277097374e-05,9,1,0,0.0,categorical_1way,categorical,very_low
cat1__v52,13,13,0.00011371489052754961,0.00011364331733585097,13,0,0,0.0,categorical_1way,categorical,very_low
cat1__v56,123,110,0.0010759178103760465,0.0009615973005341236,109,14,1,0.00909090909090909,categorical_1way,categorical,low
cat1__v66,3,3,2.6241897814049913e-05,2.6225380923657916e-05,3,0,0,0.0,categorical_1way,categorical,very_low
cat1__v75,4,4,3.498919708539988e-05,3.496717456487722e-05,4,0,0,0.0,categorical_1way,categorical,very_low
cat1__v79,18,17,0.00015745138688429947,0.0001486104919007282,17,1,0,0.0,categorical_1way,categorical,very_low
cat1__v91,8,8,6.997839417079976e-05,6.993434912975444e-05,8,0,0,0.0,categorical_1way,categorical,very_low
cat1__v112,23,23,0.00020118788324104933,0.00020106125374804403,23,0,0,0.0,categorical_1way,categorical,low
cat1__v113,37,37,0.0003236500730399489,0.0003234463647251143,36,1,1,0.02702702702702703,categorical_1way,categorical,low
cat2__v22__v24,34506,20813,0.30183430865720207,0.1819429510546974,20812,13694,1,4.804689376831788e-05,categorical_2way,categorical,high
cat2__v22__v30,33891,20396,0.2964547196053219,0.17829762310630895,20395,13496,1,4.902922141596391e-05,categorical_2way,categorical,high
cat2__v22__v31,26659,17256,0.23319425127491886,0.15084839107288034,17255,9404,1,5.795085767269355e-05,categorical_2way,categorical,high
cat2__v22__v47,34094,19810,0.2982304213574059,0.17317493203255444,19809,14285,1,5.047955577990914e-05,categorical_2way,categorical,high
cat2__v22__v52,52731,27231,0.4612538378775553,0.23804778264404292,27230,25501,1,3.6722852631192394e-05,categorical_2way,categorical,high
cat2__v22__v56,65670,26653,0.5744351431495526,0.23299502591941815,26652,39018,1,3.7519228604659885e-05,categorical_2way,categorical,high
cat2__v22__v66,29183,18459,0.2552724346358062,0.16136476882326717,18458,10725,1,5.417411560756271e-05,categorical_2way,categorical,high
cat2__v22__v75,25215,16923,0.22056315112708952,0.1479373737903543,16922,8293,1,5.9091177687171306e-05,categorical_2way,categorical,high
cat2__v22__v79,42905,22707,0.3753028752372705,0.19849990821116675,22706,20199,1,4.40392830404721e-05,categorical_2way,categorical,high
cat2__v22__v91,40117,23233,0.3509154048687468,0.20309809166644813,23232,16885,1,4.3042224422158136e-05,categorical_2way,categorical,high
cat2__v22__v112,19924,13719,0.17428119068237682,0.11992866696388765,13718,6206,1,7.289161017566878e-05,categorical_2way,categorical,medium
cat2__v22__v113,45765,22660,0.4003201511533314,0.19808904391002946,22659,23106,1,4.41306266548985e-05,categorical_2way,categorical,high
cat2__v24__v30,40,40,0.0003498919708539988,0.00034967174564877224,40,0,0,0.0,categorical_2way,categorical,low
cat2__v24__v31,20,20,0.0001749459854269994,0.00017483587282438612,20,0,0,0.0,categorical_2way,categorical,very_low
cat2__v24__v47,44,44,0.0003848811679393987,0.00038463892021364945,43,1,1,0.022727272727272728,categorical_2way,categorical,low
cat2__v24__v52,61,61,0.0005335852555523482,0.0005332494121143776,61,0,0,0.0,categorical_2way,categorical,low
cat2__v24__v56,397,345,0.003472677810725938,0.0030159188062206604,344,53,1,0.002898550724637681,categorical_2way,categorical,medium
cat2__v24__v66,15,15,0.00013120948907024957,0.00013112690461828958,15,0,0,0.0,categorical_2way,categorical,very_low
cat2__v24__v75,16,17,0.00013995678834159952,0.0001486104919007282,16,0,1,0.058823529411764705,categorical_2way,categorical,very_low
cat2__v24__v79,77,75,0.0006735420438939478,0.0006556345230914479,74,3,1,0.013333333333333334,categorical_2way,categorical,low
cat2__v24__v91,36,36,0.00031490277376859893,0.000314704571083895,36,0,0,0.0,categorical_2way,categorical,low
cat2__v24__v112,115,115,0.0010059394162052467,0.00100530626874022,115,0,0,0.0,categorical_2way,categorical,low
cat2__v24__v113,174,173,0.0015220300732148948,0.0015123302999309398,172,2,1,0.005780346820809248,categorical_2way,categorical,low
cat2__v30__v31,32,32,0.00027991357668319904,0.00027973739651901777,32,0,0,0.0,categorical_2way,categorical,low
cat2__v30__v47,62,59,0.0005423325548236981,0.000515765824831939,58,4,1,0.01694915254237288,categorical_2way,categorical,low
cat2__v30__v52,97,97,0.0008484880293209471,0.0008479539831982726,97,0,0,0.0,categorical_2way,categorical,low
cat2__v30__v56,574,503,0.005020949781754883,0.004397122201533311,502,72,1,0.0019880715705765406,categorical_2way,categorical,medium
cat2__v30__v66,24,24,0.0002099351825123993,0.00020980304738926333,24,0,0,0.0,categorical_2way,categorical,low
cat2__v30__v75,21,20,0.00018369328469834939,0.00017483587282438612,20,1,0,0.0,categorical_2way,categorical,low
cat2__v30__v79,123,118,0.0010759178103760465,0.001031531649663878,117,6,1,0.00847457627118644,categorical_2way,categorical,low
cat2__v30__v91,56,57,0.0004898487591955984,0.0004982822375495004,56,0,1,0.017543859649122806,categorical_2way,categorical,low
cat2__v30__v112,182,183,0.0015920084673856946,0.0015997482363431328,182,0,1,0.00546448087431694,categorical_2way,categorical,low
cat2__v30__v113,252,245,0.0022043194163801926,0.0021417394420987297,244,8,1,0.004081632653061225,categorical_2way,categorical,medium
cat2__v31__v47,13,12,0.00011371489052754961,0.00010490152369463166,12,1,0,0.0,categorical_2way,categorical,very_low
cat2__v31__v52,50,50,0.00043736496356749856,0.00043708968206096526,49,1,1,0.02,categorical_2way,categorical,low
cat2__v31__v56,171,153,0.001495788175400845,0.0013374944271065537,152,19,1,0.006535947712418301,categorical_2way,categorical,low
cat2__v31__v66,11,11,9.622029198484968e-05,9.615973005341236e-05,11,0,0,0.0,categorical_2way,categorical,very_low
cat2__v31__v75,16,15,0.00013995678834159952,0.00013112690461828958,15,1,0,0.0,categorical_2way,categorical,very_low
cat2__v31__v79,28,26,0.0002449243795977992,0.00022728663467170193,26,2,0,0.0,categorical_2way,categorical,low
cat2__v31__v91,30,30,0.00026241897814049915,0.00026225380923657917,29,1,1,0.03333333333333333,categorical_2way,categorical,low
cat2__v31__v112,92,92,0.0008047515329641973,0.0008042450149921761,92,0,0,0.0,categorical_2way,categorical,low
cat2__v31__v113,121,114,0.0010584232118333464,0.0009965644750990009,113,8,1,0.008771929824561403,categorical_2way,categorical,low
cat2__v47__v52,110,107,0.0009622029198484967,0.0009353719196104656,106,4,1,0.009345794392523364,categorical_2way,categorical,low
cat2__v47__v56,256,229,0.0022393086134655923,0.002001870743839221,228,28,1,0.004366812227074236,categorical_2way,categorical,medium
cat2__v47__v66,27,26,0.0002361770803264492,0.00022728663467170193,26,1,0,0.0,categorical_2way,categorical,low
cat2__v47__v75,30,25,0.00026241897814049915,0.00021854484103048263,24,6,1,0.04,categorical_2way,categorical,low
cat2__v47__v79,22,20,0.00019244058396969936,0.00017483587282438612,19,3,1,0.05,categorical_2way,categorical,low
cat2__v47__v91,62,60,0.0005423325548236981,0.0005245076184731583,59,3,1,0.016666666666666666,categorical_2way,categorical,low
cat2__v47__v112,184,177,0.0016095030659283947,0.001547297474495817,176,8,1,0.005649717514124294,categorical_2way,categorical,low
cat2__v47__v113,258,241,0.0022568032120082924,0.0021067722675338525,240,18,1,0.004149377593360996,categorical_2way,categorical,medium
cat2__v52__v56,1016,919,0.00888725605969157,0.008033708356280542,918,98,1,0.001088139281828074,categorical_2way,categorical,medium
cat2__v52__v66,38,38,0.0003323973723112989,0.0003321881583663336,37,1,1,0.02631578947368421,categorical_2way,categorical,low
cat2__v52__v75,46,39,0.00040237576648209867,0.0003409299520075529,38,8,1,0.02564102564102564,categorical_2way,categorical,low
cat2__v52__v79,198,192,0.0017319652557272942,0.0016784243791141066,191,7,1,0.005208333333333333,categorical_2way,categorical,low
cat2__v52__v91,85,85,0.0007435204380647475,0.000743052459503641,85,0,0,0.0,categorical_2way,categorical,low
cat2__v52__v112,279,278,0.002440496496706642,0.002430218632258967,278,1,0,0.0,categorical_2way,categorical,medium
cat2__v52__v113,424,422,0.0037088548910523874,0.003689036916594547,421,3,1,0.002369668246445498,categorical_2way,categorical,medium
cat2__v56__v66,249,226,0.0021780775185661428,0.001975645362915563,225,24,1,0.004424778761061947,categorical_2way,categorical,medium
cat2__v56__v75,249,209,0.0021780775185661428,0.0018270348710148349,208,41,1,0.004784688995215311,categorical_2way,categorical,medium
cat2__v56__v79,310,275,0.0027116627741184908,0.002403993251335309,274,36,1,0.0036363636363636364,categorical_2way,categorical,medium
cat2__v56__v91,586,509,0.005125917373011083,0.004449572963380627,508,78,1,0.0019646365422396855,categorical_2way,categorical,medium
cat2__v56__v112,1699,1517,0.0148616614620236,0.013261300953729686,1516,183,1,0.0006591957811470006,categorical_2way,categorical,medium
cat2__v56__v113,1409,1213,0.012324944673332108,0.010603795686799018,1212,197,1,0.0008244023083264633,categorical_2way,categorical,medium
cat2__v66__v75,12,11,0.00010496759125619965,9.615973005341236e-05,11,1,0,0.0,categorical_2way,categorical,very_low
cat2__v66__v79,47,47,0.00041112306575344864,0.00041086430113730735,46,1,1,0.02127659574468085,categorical_2way,categorical,low
cat2__v66__v91,23,23,0.00020118788324104933,0.00020106125374804403,22,1,1,0.043478260869565216,categorical_2way,categorical,low
cat2__v66__v112,69,69,0.000603563649723148,0.000603183761244132,69,0,0,0.0,categorical_2way,categorical,low
cat2__v66__v113,106,106,0.0009272137227630969,0.0009266301259692463,105,1,1,0.009433962264150943,categorical_2way,categorical,low
cat2__v75__v79,48,43,0.0004198703650247986,0.00037589712657243015,42,6,1,0.023255813953488372,categorical_2way,categorical,low
cat2__v75__v91,29,27,0.0002536716788691492,0.00023602842831292123,27,2,0,0.0,categorical_2way,categorical,low
cat2__v75__v112,62,52,0.0005423325548236981,0.00045457326934340386,51,11,1,0.019230769230769232,categorical_2way,categorical,low
cat2__v75__v113,81,76,0.0007085312409793477,0.0006643763167326672,75,6,1,0.013157894736842105,categorical_2way,categorical,low
cat2__v79__v91,113,110,0.0009884448176625466,0.0009615973005341236,109,4,1,0.00909090909090909,categorical_2way,categorical,low
cat2__v79__v112,356,347,0.0031140385406005894,0.003033402393503099,346,10,1,0.002881844380403458,categorical_2way,categorical,medium
cat2__v79__v113,377,353,0.003297731825298939,0.0030858531553504148,352,25,1,0.0028328611898017,categorical_2way,categorical,medium
cat2__v91__v112,163,162,0.0014258097812300452,0.0014161705698775276,161,2,1,0.006172839506172839,categorical_2way,categorical,low
cat2__v91__v113,238,229,0.002081857226581293,0.002001870743839221,228,10,1,0.004366812227074236,categorical_2way,categorical,medium
cat2__v112__v113,781,770,0.006831640730924327,0.006731181103738865,769,12,1,0.0012987012987012987,categorical_2way,categorical,medium
cat3__v22__v24__v30,52038,25657,0.4551919594825098,0.2242881994527637,25656,26382,1,3.89757181276065e-05,categorical_3way_v22,categorical,high
cat3__v22__v24__v31,44677,23557,0.39080308954610266,0.20593043280620318,23556,21121,1,4.2450227108715035e-05,categorical_3way_v22,categorical,high
cat3__v22__v24__v47,51919,24709,0.45415103086921915,0.2160009790808878,24708,27211,1,4.047108341090291e-05,categorical_3way_v22,categorical,high
cat3__v22__v24__v52,71466,29112,0.625134489726297,0.2544910964831764,29111,42355,1,3.43500961802693e-05,categorical_3way_v22,categorical,high
cat3__v22__v24__v56,78546,25094,0.6870653685674548,0.21936656963275725,25093,53453,1,3.985016338566988e-05,categorical_3way_v22,categorical,high
cat3__v22__v24__v66,47993,24793,0.41980913392989916,0.21673528974675024,24792,23201,1,4.033396523212197e-05,categorical_3way_v22,categorical,high
cat3__v22__v24__v75,43564,24157,0.38106734545709015,0.21117550899093476,24156,19408,1,4.139586869230451e-05,categorical_3way_v22,categorical,high
cat3__v22__v24__v79,60359,25445,0.5279782367194129,0.22243493920082522,25444,34915,1,3.930045195519748e-05,categorical_3way_v22,categorical,high
cat3__v22__v24__v91,59738,27771,0.5225461638719046,0.24276835121030133,27770,31968,1,3.6008786143819095e-05,categorical_3way_v22,categorical,high
cat3__v22__v24__v112,36077,21016,0.3155763158124929,0.1837175351638649,21015,15062,1,4.7582794061667303e-05,categorical_3way_v22,categorical,high
cat3__v22__v24__v113,62047,25461,0.5427436778894517,0.22257480789908474,25460,36587,1,3.9275755076391345e-05,categorical_3way_v22,categorical,high
cat3__v22__v30__v31,43520,23618,0.3806824642891507,0.20646368221831757,23617,19903,1,4.23405876873571e-05,categorical_3way_v22,categorical,high
cat3__v22__v30__v47,51044,25090,0.4464971440067879,0.21933160245819236,25089,25955,1,3.9856516540454363e-05,categorical_3way_v22,categorical,high
cat3__v22__v30__v52,70886,28810,0.620061056148914,0.2518510748035282,28809,42077,1,3.4710170079833394e-05,categorical_3way_v22,categorical,high
cat3__v22__v30__v56,80457,26078,0.7037814574750046,0.22796849457571705,26077,54380,1,3.8346498964644526e-05,categorical_3way_v22,categorical,high
cat3__v22__v30__v66,46586,24424,0.4075016838551097,0.21350956789314032,24423,22163,1,4.094333442515558e-05,categorical_3way_v22,categorical,high
cat3__v22__v30__v75,42436,23849,0.37120039187900733,0.20848303654943923,23848,18588,1,4.1930479265378e-05,categorical_3way_v22,categorical,high
cat3__v22__v30__v79,60100,26409,0.5257126862081333,0.23086202827096064,26408,33692,1,3.7865879056382296e-05,categorical_3way_v22,categorical,high
cat3__v22__v30__v91,58999,27626,0.5160819097103769,0.24150079113232453,27625,31374,1,3.619778469557663e-05,categorical_3way_v22,categorical,high
cat3__v22__v30__v112,35465,20705,0.3102229686584267,0.18099883734144573,20704,14761,1,4.829751267809708e-05,categorical_3way_v22,categorical,high
cat3__v22__v30__v113,60951,25909,0.533156637888052,0.226491131450351,25908,35043,1,3.859662665483037e-05,categorical_3way_v22,categorical,high
cat3__v22__v31__v47,39865,22151,0.34871108545236656,0.19363947094664882,22150,17715,1,4.514468872737122e-05,categorical_3way_v22,categorical,high
cat3__v22__v31__v52,63349,27851,0.5541326615407492,0.24346769470159887,27850,35499,1,3.590535348820509e-05,categorical_3way_v22,categorical,high
cat3__v22__v31__v56,68921,26957,0.6028726130807114,0.23565253118634882,26956,41965,1,3.709611603665096e-05,categorical_3way_v22,categorical,high
cat3__v22__v31__v66,38474,22000,0.3365435921659188,0.1923194601068247,21999,16475,1,4.545454545454545e-05,categorical_3way_v22,categorical,high
cat3__v22__v31__v75,34771,20906,0.3041523429641098,0.1827559378633308,20905,13866,1,4.783315794508753e-05,categorical_3way_v22,categorical,high
cat3__v22__v31__v79,46252,23830,0.4045800858984788,0.20831694247025603,23829,22423,1,4.19639110365086e-05,categorical_3way_v22,categorical,high
cat3__v22__v31__v91,50710,25489,0.44357554605015703,0.22281957812103886,25488,25222,1,3.9232610145552985e-05,categorical_3way_v22,categorical,high
cat3__v22__v31__v112,28335,17716,0.2478547248537014,0.15486961614784123,17715,10620,1,5.644615037254459e-05,categorical_3way_v22,categorical,high
cat3__v22__v31__v113,52783,25211,0.4617086974396655,0.2203893594887799,25210,27573,1,3.966522549680695e-05,categorical_3way_v22,categorical,high
cat3__v22__v47__v52,70870,27531,0.6199210993605724,0.2406703207364087,27530,43340,1,3.6322690784933346e-05,categorical_3way_v22,categorical,high
cat3__v22__v47__v56,69730,26241,0.6099491781912335,0.2293934069392358,26240,43490,1,3.810830379939789e-05,categorical_3way_v22,categorical,high
cat3__v22__v47__v66,46797,23338,0.40934736400136457,0.20401597999877616,23337,23460,1,4.284857314251435e-05,categorical_3way_v22,categorical,high
cat3__v22__v47__v75,42665,22980,0.3732035234121465,0.20088641787521963,22979,19686,1,4.351610095735422e-05,categorical_3way_v22,categorical,high
cat3__v22__v47__v79,42940,22704,0.37560903071176777,0.1984736828302431,22703,20237,1,4.404510218463707e-05,categorical_3way_v22,categorical,high
cat3__v22__v47__v91,58532,26286,0.5119969209506565,0.22978678765309066,26285,32247,1,3.8043064749296204e-05,categorical_3way_v22,categorical,high
cat3__v22__v47__v112,35567,20077,0.3111151931841044,0.17550899093476,20076,15491,1,4.9808238282611946e-05,categorical_3way_v22,categorical,high
cat3__v22__v47__v113,54074,22442,0.4730014607989783,0.19618333289624365,22441,31633,1,4.455930843953302e-05,categorical_3way_v22,categorical,high
cat3__v22__v52__v56,95876,19858,0.8386560649399498,0.17359453812733297,19857,76019,1,5.035753852351697e-05,categorical_3way_v22,categorical,high
cat3__v22__v52__v66,67122,29012,0.5871362216915528,0.2536169171190545,29011,38111,1,3.446849579484351e-05,categorical_3way_v22,categorical,high
cat3__v22__v52__v75,62901,29119,0.5502138714671845,0.25455228903866495,29118,33783,1,3.434183866204197e-05,categorical_3way_v22,categorical,high
cat3__v22__v52__v79,79759,26278,0.6976758425836023,0.2297168533039609,26277,53482,1,3.8054646472334275e-05,categorical_3way_v22,categorical,high
cat3__v22__v52__v91,77731,29235,0.6799363196613045,0.25556633710104637,29234,48497,1,3.4205575508807936e-05,categorical_3way_v22,categorical,high
cat3__v22__v52__v112,54062,27113,0.4728964932077221,0.23701625099437904,27112,26950,1,3.688267620698558e-05,categorical_3way_v22,categorical,high
cat3__v22__v52__v113,78365,25436,0.6854821073993405,0.22235626305805425,25435,52930,1,3.931435760339676e-05,categorical_3way_v22,categorical,high
cat3__v22__v56__v66,74222,25494,0.6492420465181375,0.22286328708924497,25493,48729,1,3.922491566643132e-05,categorical_3way_v22,categorical,high
cat3__v22__v56__v75,74277,26864,0.6497231479780617,0.23483954437771543,26863,47414,1,3.722453841572365e-05,categorical_3way_v22,categorical,high
cat3__v22__v56__v79,72129,26330,0.630933949143202,0.2301714265733043,26329,45800,1,3.79794910748196e-05,categorical_3way_v22,categorical,high
cat3__v22__v56__v91,88299,23221,0.772377778360931,0.2029931901427535,23220,65079,1,4.306446750785927e-05,categorical_3way_v22,categorical,high
cat3__v22__v56__v112,66665,26502,0.5831387059245458,0.23167501507959404,26501,40164,1,3.7733001282922044e-05,categorical_3way_v22,categorical,high
cat3__v22__v56__v113,80014,24007,0.6999064038977966,0.20986423994475187,24006,56008,1,4.165451743241554e-05,categorical_3way_v22,categorical,high
cat3__v22__v66__v75,37649,22012,0.32932707026705504,0.19242436163051935,22011,15638,1,4.5429765582409596e-05,categorical_3way_v22,categorical,high
cat3__v22__v66__v79,55535,24993,0.4857812650344206,0.2184836484749941,24992,30543,1,4.0011203136878324e-05,categorical_3way_v22,categorical,high
cat3__v22__v66__v91,54346,26807,0.47538072620078553,0.23434126214016593,26806,27540,1,3.730368933487522e-05,categorical_3way_v22,categorical,high
cat3__v22__v66__v112,30891,18791,0.27021282179127193,0.16426704431215197,18790,12101,1,5.321696556862328e-05,categorical_3way_v22,categorical,high
cat3__v22__v66__v113,55820,24104,0.48827424532675534,0.21071219392795013,24103,31717,1,4.1486890142714904e-05,categorical_3way_v22,categorical,high
cat3__v22__v75__v79,51981,25296,0.4546933634240428,0.22113241194828354,25295,26686,1,3.953194180898166e-05,categorical_3way_v22,categorical,high
cat3__v22__v75__v91,49926,26448,0.43671766342141866,0.23120295822296819,26447,23479,1,3.781004234724743e-05,categorical_3way_v22,categorical,high
cat3__v22__v75__v112,26939,17390,0.23564349507089685,0.1520197914208037,17389,9550,1,5.750431282346176e-05,categorical_3way_v22,categorical,high
cat3__v22__v75__v113,53025,24668,0.4638255438633322,0.21564256554159783,24667,28358,1,4.0538349278417384e-05,categorical_3way_v22,categorical,high
cat3__v22__v79__v91,68185,26777,0.5964346008169977,0.23407900833092934,26776,41409,1,3.734548306382343e-05,categorical_3way_v22,categorical,high
cat3__v22__v79__v112,44245,22796,0.38702425626087944,0.1992779278452353,22795,21450,1,4.386734514827163e-05,categorical_3way_v22,categorical,high
cat3__v22__v79__v113,61696,24175,0.5396733758452078,0.2113328612764767,24174,37522,1,4.136504653567735e-05,categorical_3way_v22,categorical,high
cat3__v22__v91__v112,41713,23286,0.3648760945058213,0.20356140672943274,23285,18428,1,4.294425835265825e-05,categorical_3way_v22,categorical,high
cat3__v22__v91__v113,68572,25463,0.5998198056350101,0.22259229148636717,25462,43110,1,3.927267014884342e-05,categorical_3way_v22,categorical,high
cat3__v22__v112__v113,47050,22790,0.41156043071701615,0.19922547708338798,22789,24261,1,4.3878894251864855e-05,categorical_3way_v22,categorical,high
rnum__v10,58093,23357,0.5081568565705339,0.20418207407795932,23356,34737,1,4.2813717515091834e-05,rounded_numeric_categories,categorical,high
rnum__v12,114127,281,0.9983030239413581,0.0024564440131826246,280,113847,1,0.0035587188612099642,rounded_numeric_categories,categorical,very_high
rnum__v14,59767,14464,0.5227998355507737,0.12644130322659602,14463,45304,1,6.913716814159292e-05,rounded_numeric_categories,categorical,high
rnum__v21,113576,235,0.9934832620428443,0.002054321505686537,234,113342,1,0.00425531914893617,rounded_numeric_categories,categorical,very_high
rnum__v34,114194,33,0.9988890929925386,0.00028847919016023707,32,114162,1,0.030303030303030304,rounded_numeric_categories,categorical,very_high
rnum__v38,12,12,0.00010496759125619965,0.00010490152369463166,12,0,0,0.0,rounded_numeric_categories,categorical,very_low
rnum__v40,112862,2634,0.9872376903631004,0.02302588445097165,2633,110229,1,0.00037965072133637056,rounded_numeric_categories,categorical,very_high
rnum__v50,113375,1662,0.991725054889303,0.014528861031706485,1661,111714,1,0.0006016847172081829,rounded_numeric_categories,categorical,very_high
rnum__v62,8,8,6.997839417079976e-05,6.993434912975444e-05,8,0,0,0.0,rounded_numeric_categories,categorical,very_low
rnum__v72,13,13,0.00011371489052754961,0.00011364331733585097,13,0,0,0.0,rounded_numeric_categories,categorical,very_low
rnum__v114,111976,4229,0.9794875832086843,0.03696904530871644,4228,107748,1,0.00023646252069047056,rounded_numeric_categories,categorical,very_high
rnum__v129,10,10,8.74729927134997e-05,8.741793641219306e-05,10,0,0,0.0,rounded_numeric_categories,categorical,very_low
cat11__v22__v24__v30__v31__v47__v52__v56__v66__v75__v79__v91,108208,10644,0.9465277595542376,0.09304765151713829,10643,97565,1,9.394964299135663e-05,high_order_v22_interactions,categorical,very_high
cat11__v22__v24__v30__v31__v47__v52__v56__v66__v75__v79__v112,107122,11906,0.9370281925455516,0.10407979509235706,11905,95217,1,8.399126490844952e-05,high_order_v22_interactions,categorical,very_high
cat11__v22__v24__v30__v31__v47__v52__v56__v66__v75__v79__v113,107613,11233,0.9413231164877844,0.09819656797181646,11232,96381,1,8.902341315766046e-05,high_order_v22_interactions,categorical,very_high
cat11__v22__v24__v30__v31__v47__v52__v56__v66__v75__v91__v112,108184,10678,0.9463178243717252,0.09334487250093974,10677,97507,1,9.365049634763064e-05,high_order_v22_interactions,categorical,very_high
cat11__v22__v24__v30__v31__v47__v52__v56__v66__v75__v91__v113,108337,10406,0.9476561611602418,0.0909671046305281,10405,97932,1,9.609840476648087e-05,high_order_v22_interactions,categorical,very_high
cat11__v22__v24__v30__v31__v47__v52__v56__v66__v75__v112__v113,107621,11256,0.9413930948819552,0.0983976292255645,11255,96366,1,8.884150675195451e-05,high_order_v22_interactions,categorical,very_high
cat11__v22__v24__v30__v31__v47__v52__v56__v66__v79__v91__v112,107951,10928,0.9442797036415007,0.09553032091124457,10927,97024,1,9.150805270863836e-05,high_order_v22_interactions,categorical,very_high
cat11__v22__v24__v30__v31__v47__v52__v56__v66__v79__v91__v113,108207,10549,0.9465190122549663,0.09221718112122246,10548,97659,1,9.479571523367143e-05,high_order_v22_interactions,categorical,very_high
cat11__v22__v24__v30__v31__v47__v52__v56__v66__v79__v112__v113,107162,11613,0.9373780845164056,0.1015184495554798,11612,95550,1,8.61103935244984e-05,high_order_v22_interactions,categorical,very_high
cat11__v22__v24__v30__v31__v47__v52__v56__v66__v91__v112__v113,108193,10582,0.9463965500651674,0.09250566031138269,10581,97612,1,9.45000945000945e-05,high_order_v22_interactions,categorical,very_high
cat11__v22__v24__v30__v31__v47__v52__v56__v75__v79__v91__v112,108058,10860,0.9452156646635351,0.09493587894364165,10859,97199,1,9.208103130755064e-05,high_order_v22_interactions,categorical,very_high
cat11__v22__v24__v30__v31__v47__v52__v56__v75__v79__v91__v113,108280,10507,0.9471575651017748,0.09185002578829124,10506,97774,1,9.51746454744456e-05,high_order_v22_interactions,categorical,very_high
cat11__v22__v24__v30__v31__v47__v52__v56__v75__v79__v112__v113,107320,11614,0.9387601578012789,0.10152719134912101,11613,95707,1,8.610297916307904e-05,high_order_v22_interactions,categorical,very_high
cat11__v22__v24__v30__v31__v47__v52__v56__v75__v91__v112__v113,108256,10546,0.9469476299192624,0.0921909557402988,10545,97711,1,9.482268158543523e-05,high_order_v22_interactions,categorical,very_high
cat11__v22__v24__v30__v31__v47__v52__v56__v79__v91__v112__v113,108099,10729,0.9455743039336605,0.09379070397664192,10728,97371,1,9.320533134495293e-05,high_order_v22_interactions,categorical,very_high
cat11__v22__v24__v30__v31__v47__v52__v66__v75__v79__v91__v112,105955,13830,0.9268200942958862,0.12089900605806299,13829,92126,1,7.230657989877079e-05,high_order_v22_interactions,categorical,very_high
cat11__v22__v24__v30__v31__v47__v52__v66__v75__v79__v91__v113,106422,13191,0.9309050830556066,0.11531299992132386,13190,93232,1,7.580926389204761e-05,high_order_v22_interactions,categorical,very_high
cat11__v22__v24__v30__v31__v47__v52__v66__v75__v79__v112__v113,105261,14352,0.9207494686015693,0.12546222233877946,14351,90910,1,6.967670011148272e-05,high_order_v22_interactions,categorical,very_high
cat11__v22__v24__v30__v31__v47__v52__v66__v75__v91__v112__v113,105759,14155,0.9251056236387015,0.12374008899145927,14154,91605,1,7.064641469445426e-05,high_order_v22_interactions,categorical,very_high
cat11__v22__v24__v30__v31__v47__v52__v66__v79__v91__v112__v113,106186,13421,0.9288407204275679,0.1173236124588043,13420,92766,1,7.4510096118024e-05,high_order_v22_interactions,categorical,very_high
cat11__v22__v24__v30__v31__v47__v52__v75__v79__v91__v112__v113,106132,13526,0.9283683662669151,0.11824150079113233,13525,92607,1,7.39316871211001e-05,high_order_v22_interactions,categorical,very_high
cat11__v22__v24__v30__v31__v47__v56__v66__v75__v79__v91__v112,105719,13120,0.9247557316678475,0.11469233257279729,13119,92600,1,7.621951219512195e-05,high_order_v22_interactions,categorical,very_high
cat11__v22__v24__v30__v31__v47__v56__v66__v75__v79__v91__v113,106642,12138,0.9328294888953036,0.10610789121711993,12137,94505,1,8.238589553468446e-05,high_order_v22_interactions,categorical,very_high
cat11__v22__v24__v30__v31__v47__v56__v66__v75__v79__v112__v113,102449,15964,0.8961520630505332,0.139553993688425,15963,86486,1,6.264094211976948e-05,high_order_v22_interactions,categorical,very_high
cat11__v22__v24__v30__v31__v47__v56__v66__v75__v91__v112__v113,106653,12146,0.9329257091872885,0.10617782556624969,12145,94508,1,8.233163181294254e-05,high_order_v22_interactions,categorical,very_high
cat11__v22__v24__v30__v31__v47__v56__v66__v79__v91__v112__v113,105938,12646,0.9266713902082732,0.11054872238685934,12645,93293,1,7.907638779060572e-05,high_order_v22_interactions,categorical,very_high
cat11__v22__v24__v30__v31__v47__v56__v75__v79__v91__v112__v113,106067,12824,0.9277997918142773,0.11210476165499637,12823,93244,1,7.797878976918278e-05,high_order_v22_interactions,categorical,very_high
cat11__v22__v24__v30__v31__v47__v66__v75__v79__v91__v112__v113,103847,15563,0.9083807874318804,0.13604853443829604,15562,88285,1,6.425496369594551e-05,high_order_v22_interactions,categorical,very_high
cat11__v22__v24__v30__v31__v52__v56__v66__v75__v79__v91__v112,108232,10604,0.9467376947367501,0.09269797977148951,10603,97629,1,9.43040362127499e-05,high_order_v22_interactions,categorical,very_high
cat11__v22__v24__v30__v31__v52__v56__v66__v75__v79__v91__v113,108384,10332,0.9480672842259952,0.09032021190107786,10331,98053,1,9.678668215253581e-05,high_order_v22_interactions,categorical,very_high
cat11__v22__v24__v30__v31__v52__v56__v66__v75__v79__v112__v113,107691,11162,0.9420054058309497,0.09757590062328989,11161,96530,1,8.958967926894822e-05,high_order_v22_interactions,categorical,very_high
cat11__v22__v24__v30__v31__v52__v56__v66__v75__v91__v112__v113,108337,10398,0.9476561611602418,0.09089717028139833,10397,97940,1,9.617234083477592e-05,high_order_v22_interactions,categorical,very_high
cat11__v22__v24__v30__v31__v52__v56__v66__v79__v91__v112__v113,108241,10503,0.9468164204301922,0.09181505861372637,10502,97739,1,9.521089212605922e-05,high_order_v22_interactions,categorical,very_high
cat11__v22__v24__v30__v31__v52__v56__v75__v79__v91__v112__v113,108306,10468,0.9473849948828299,0.0915090958362837,10467,97839,1,9.552923194497516e-05,high_order_v22_interactions,categorical,very_high
cat11__v22__v24__v30__v31__v52__v66__v75__v79__v91__v112__v113,106459,13141,0.9312287331286465,0.11487591023926289,13140,93319,1,7.609770945894529e-05,high_order_v22_interactions,categorical,very_high
cat11__v22__v24__v30__v31__v56__v66__v75__v79__v91__v112__v113,106762,12039,0.9338791648078656,0.10524245364663921,12038,94724,1,8.306337735692334e-05,high_order_v22_interactions,categorical,very_high
cat11__v22__v24__v30__v47__v52__v56__v66__v75__v79__v91__v112,108232,10604,0.9467376947367501,0.09269797977148951,10603,97629,1,9.43040362127499e-05,high_order_v22_interactions,categorical,very_high
cat11__v22__v24__v30__v47__v52__v56__v66__v75__v79__v91__v113,108384,10332,0.9480672842259952,0.09032021190107786,10331,98053,1,9.678668215253581e-05,high_order_v22_interactions,categorical,very_high
cat11__v22__v24__v30__v47__v52__v56__v66__v75__v79__v112__v113,107691,11161,0.9420054058309497,0.09756715882964867,11160,96531,1,8.959770629871875e-05,high_order_v22_interactions,categorical,very_high
cat11__v22__v24__v30__v47__v52__v56__v66__v75__v91__v112__v113,108254,10528,0.9469301353207197,0.09203360345475685,10527,97727,1,9.498480243161094e-05,high_order_v22_interactions,categorical,very_high
cat11__v22__v24__v30__v47__v52__v56__v66__v79__v91__v112__v113,108241,10503,0.9468164204301922,0.09181505861372637,10502,97739,1,9.521089212605922e-05,high_order_v22_interactions,categorical,very_high
cat11__v22__v24__v30__v47__v52__v56__v75__v79__v91__v112__v113,108306,10468,0.9473849948828299,0.0915090958362837,10467,97839,1,9.552923194497516e-05,high_order_v22_interactions,categorical,very_high
cat11__v22__v24__v30__v47__v52__v66__v75__v79__v91__v112__v113,105538,14174,0.9231724704997332,0.12390618307064244,14173,91365,1,7.055171440666009e-05,high_order_v22_interactions,categorical,very_high
cat11__v22__v24__v30__v47__v56__v66__v75__v79__v91__v112__v113,106762,12039,0.9338791648078656,0.10524245364663921,12038,94724,1,8.306337735692334e-05,high_order_v22_interactions,categorical,very_high
cat11__v22__v24__v30__v52__v56__v66__v75__v79__v91__v112__v113,108403,10299,0.9482334829121509,0.09003173271091762,10298,98105,1,9.709680551509856e-05,high_order_v22_interactions,categorical,very_high
cat11__v22__v24__v31__v47__v52__v56__v66__v75__v79__v91__v112,107756,11192,0.9425739802835874,0.09783815443252647,11191,96565,1,8.934953538241601e-05,high_order_v22_interactions,categorical,very_high
cat11__v22__v24__v31__v47__v52__v56__v66__v75__v79__v91__v113,108075,10710,0.945364368751148,0.09362460989745876,10709,97366,1,9.337068160597572e-05,high_order_v22_interactions,categorical,very_high
cat11__v22__v24__v31__v47__v52__v56__v66__v75__v79__v112__v113,106690,12088,0.9332493592603284,0.10567080153505896,12087,94603,1,8.272667107875579e-05,high_order_v22_interactions,categorical,very_high
cat11__v22__v24__v31__v47__v52__v56__v66__v75__v91__v112__v113,108062,10728,0.9452506538606206,0.09378196218300071,10727,97335,1,9.321401938851603e-05,high_order_v22_interactions,categorical,very_high
cat11__v22__v24__v31__v47__v52__v56__v66__v79__v91__v112__v113,107742,11056,0.9424515180937886,0.09664927049732064,11055,96687,1,9.044862518089724e-05,high_order_v22_interactions,categorical,very_high
cat11__v22__v24__v31__v47__v52__v56__v75__v79__v91__v112__v113,107907,10935,0.9438948224735613,0.0955915134667331,10934,96973,1,9.144947416552355e-05,high_order_v22_interactions,categorical,very_high
cat11__v22__v24__v31__v47__v52__v66__v75__v79__v91__v112__v113,105926,13699,0.926566422617017,0.11975383109106326,13698,92228,1,7.299802905321556e-05,high_order_v22_interactions,categorical,very_high
cat11__v22__v24__v31__v47__v56__v66__v75__v79__v91__v112__v113,105024,13364,0.9186763586742593,0.1168253302212548,13363,91661,1,7.4827895839569e-05,high_order_v22_interactions,categorical,very_high
cat11__v22__v24__v31__v52__v56__v66__v75__v79__v91__v112__v113,108113,10656,0.9456967661234594,0.09315255304083292,10655,97458,1,9.384384384384384e-05,high_order_v22_interactions,categorical,very_high
cat11__v22__v24__v47__v52__v56__v66__v75__v79__v91__v112__v113,108113,10656,0.9456967661234594,0.09315255304083292,10655,97458,1,9.384384384384384e-05,high_order_v22_interactions,categorical,very_high
cat11__v22__v30__v31__v47__v52__v56__v66__v75__v79__v91__v112,107930,10967,0.9440960103568024,0.09587125086325213,10966,96964,1,9.118263882556761e-05,high_order_v22_interactions,categorical,very_high
cat11__v22__v30__v31__v47__v52__v56__v66__v75__v79__v91__v113,108138,10612,0.9459154486052431,0.09276791412061927,10611,97527,1,9.423294383716548e-05,high_order_v22_interactions,categorical,very_high
cat11__v22__v30__v31__v47__v52__v56__v66__v75__v79__v112__v113,106955,11788,0.9355673935672361,0.10304826344269317,11787,95168,1,8.483203257550051e-05,high_order_v22_interactions,categorical,very_high
cat11__v22__v30__v31__v47__v52__v56__v66__v75__v91__v112__v113,108125,10652,0.9458017337147155,0.09311758586626805,10651,97474,1,9.38790837401427e-05,high_order_v22_interactions,categorical,very_high
cat11__v22__v30__v31__v47__v52__v56__v66__v79__v91__v112__v113,107912,10890,0.9439385589699181,0.09519813275287824,10889,97023,1,9.182736455463728e-05,high_order_v22_interactions,categorical,very_high
cat11__v22__v30__v31__v47__v52__v56__v75__v79__v91__v112__v113,107987,10822,0.9445946064152693,0.09460369078527532,10821,97166,1,9.240436148586214e-05,high_order_v22_interactions,categorical,very_high
cat11__v22__v30__v31__v47__v52__v66__v75__v79__v91__v112__v113,105905,13680,0.9263827293323187,0.1195877370118801,13679,92226,1,7.309941520467836e-05,high_order_v22_interactions,categorical,very_high
cat11__v22__v30__v31__v47__v56__v66__v75__v79__v91__v112__v113,105562,13066,0.9233824056822456,0.11422027571617144,13065,92497,1,7.653451706719731e-05,high_order_v22_interactions,categorical,very_high
cat11__v22__v30__v31__v52__v56__v66__v75__v79__v91__v112__v113,108174,10567,0.9462303513790117,0.0923745334067644,10566,97608,1,9.463423866754992e-05,high_order_v22_interactions,categorical,very_high
cat11__v22__v30__v47__v52__v56__v66__v75__v79__v91__v112__v113,108174,10567,0.9462303513790117,0.0923745334067644,10566,97608,1,9.463423866754992e-05,high_order_v22_interactions,categorical,very_high
cat11__v22__v31__v47__v52__v56__v66__v75__v79__v91__v112__v113,107603,11186,0.9412356434950709,0.09778570367067915,11185,96418,1,8.939746111210442e-05,high_order_v22_interactions,categorical,very_high
