feature,feature_group,semantic_type,association_metric,association_score
num2sum__v50__v129,numerical_pair_sums,numerical,absolute_point_biserial,0.2536675165195155
v50,original_numerical,numerical,absolute_point_biserial,0.24168273407867386
num2sum__v38__v50,numerical_pair_sums,numerical,absolute_point_biserial,0.24005895945800415
num2sum__v50__v72,numerical_pair_sums,numerical,absolute_point_biserial,0.23119889556308387
num2sum__v14__v50,numerical_pair_sums,numerical,absolute_point_biserial,0.22744711735800024
num2sum__v10__v50,numerical_pair_sums,numerical,absolute_point_biserial,0.2256387452517131
num2sum__v12__v50,numerical_pair_sums,numerical,absolute_point_biserial,0.22120210284218583
num2sum__v21__v50,numerical_pair_sums,numerical,absolute_point_biserial,0.2124432188805436
num2sum__v34__v50,numerical_pair_sums,numerical,absolute_point_biserial,0.19454219922332908
num2sum__v50__v62,numerical_pair_sums,numerical,absolute_point_biserial,0.17811124584297125
num2sum__v10__v129,numerical_pair_sums,numerical,absolute_point_biserial,0.16652797000316816
num2sum__v10__v72,numerical_pair_sums,numerical,absolute_point_biserial,0.16079087728222452
num2sum__v10__v38,numerical_pair_sums,numerical,absolute_point_biserial,0.16066280509892517
num2sum__v50__v114,numerical_pair_sums,numerical,absolute_point_biserial,0.16053755471764627
num2sum__v14__v129,numerical_pair_sums,numerical,absolute_point_biserial,0.15665156322731524
num2sum__v10__v14,numerical_pair_sums,numerical,absolute_point_biserial,0.15538910237620315
v10,original_numerical,numerical,absolute_point_biserial,0.14868021196050293
num2sum__v14__v72,numerical_pair_sums,numerical,absolute_point_biserial,0.14851602790296975
num2sum__v10__v34,numerical_pair_sums,numerical,absolute_point_biserial,0.14743391189890223
num2sum__v38__v129,numerical_pair_sums,numerical,absolute_point_biserial,0.14692609428624986
num2sum__v14__v34,numerical_pair_sums,numerical,absolute_point_biserial,0.14634897466161684
num2sum__v10__v114,numerical_pair_sums,numerical,absolute_point_biserial,0.1426497222195151
v129,original_numerical,numerical,absolute_point_biserial,0.14214066798084599
num2sum__v14__v38,numerical_pair_sums,numerical,absolute_point_biserial,0.13971581497922833
num2sum__v10__v21,numerical_pair_sums,numerical,absolute_point_biserial,0.1395407490583275
num2sum__v14__v114,numerical_pair_sums,numerical,absolute_point_biserial,0.13314882429049338
num2sum__v34__v129,numerical_pair_sums,numerical,absolute_point_biserial,0.13246679800854494
v14,original_numerical,numerical,absolute_point_biserial,0.13067048852500796
num2sum__v21__v129,numerical_pair_sums,numerical,absolute_point_biserial,0.12360301628658775
num2sum__v72__v129,numerical_pair_sums,numerical,absolute_point_biserial,0.11986798027899118
num2sum__v34__v72,numerical_pair_sums,numerical,absolute_point_biserial,0.11687885354651117
num2sum__v12__v14,numerical_pair_sums,numerical,absolute_point_biserial,0.11538848788426688
num2sum__v10__v12,numerical_pair_sums,numerical,absolute_point_biserial,0.11362727099647447
num2sum__v21__v34,numerical_pair_sums,numerical,absolute_point_biserial,0.11355148852789186
num2sum__v14__v21,numerical_pair_sums,numerical,absolute_point_biserial,0.11124441418676018
num2sum__v10__v62,numerical_pair_sums,numerical,absolute_point_biserial,0.11102904143203404
num2sum__v114__v129,numerical_pair_sums,numerical,absolute_point_biserial,0.11086305132250118
num2sum__v34__v38,numerical_pair_sums,numerical,absolute_point_biserial,0.10940558138717046
num2sum__v12__v129,numerical_pair_sums,numerical,absolute_point_biserial,0.10868016447585138
num2sum__v40__v114,numerical_pair_sums,numerical,absolute_point_biserial,0.10633441152708474
num2sum__v12__v34,numerical_pair_sums,numerical,absolute_point_biserial,0.10189637196862412
num2sum__v21__v72,numerical_pair_sums,numerical,absolute_point_biserial,0.10157391344242983
num2sum__v21__v114,numerical_pair_sums,numerical,absolute_point_biserial,0.09639590337919289
v34,original_numerical,numerical,absolute_point_biserial,0.09588437423543406
num2sum__v72__v114,numerical_pair_sums,numerical,absolute_point_biserial,0.09558810627334839
num2sum__v14__v62,numerical_pair_sums,numerical,absolute_point_biserial,0.09482233294055163
num2sum__v12__v114,numerical_pair_sums,numerical,absolute_point_biserial,0.09440483673054087
v62,original_numerical,numerical,absolute_point_biserial,0.09370881393134961
num2sum__v12__v72,numerical_pair_sums,numerical,absolute_point_biserial,0.08969613291720147
num2sum__v38__v114,numerical_pair_sums,numerical,absolute_point_biserial,0.08727999671153382
num2sum__v34__v114,numerical_pair_sums,numerical,absolute_point_biserial,0.08621593094121319
num2sum__v21__v38,numerical_pair_sums,numerical,absolute_point_biserial,0.08466957043005655
num2sum__v12__v38,numerical_pair_sums,numerical,absolute_point_biserial,0.07970427053638758
num2sum__v38__v72,numerical_pair_sums,numerical,absolute_point_biserial,0.0794023710574643
num2sum__v12__v21,numerical_pair_sums,numerical,absolute_point_biserial,0.07658592583761578
v114,original_numerical,numerical,absolute_point_biserial,0.07578596035953525
v72,original_numerical,numerical,absolute_point_biserial,0.07524105478902944
v21,original_numerical,numerical,absolute_point_biserial,0.06763439568865548
v38,original_numerical,numerical,absolute_point_biserial,0.06186341923839264
num2sum__v34__v62,numerical_pair_sums,numerical,absolute_point_biserial,0.06124443244706943
num2sum__v34__v40,numerical_pair_sums,numerical,absolute_point_biserial,0.059893215230973094
v12,original_numerical,numerical,absolute_point_biserial,0.05470997940785236
num2sum__v40__v50,numerical_pair_sums,numerical,absolute_point_biserial,0.053104346556692904
num2sum__v40__v62,numerical_pair_sums,numerical,absolute_point_biserial,0.051849380544024326
num2sum__v62__v114,numerical_pair_sums,numerical,absolute_point_biserial,0.04821650890387826
num2sum__v62__v129,numerical_pair_sums,numerical,absolute_point_biserial,0.04238718234445671
num2sum__v38__v62,numerical_pair_sums,numerical,absolute_point_biserial,0.03484824424058483
v40,original_numerical,numerical,absolute_point_biserial,0.031080064966185043
num2sum__v10__v40,numerical_pair_sums,numerical,absolute_point_biserial,0.02933963972232966
num2sum__v14__v40,numerical_pair_sums,numerical,absolute_point_biserial,0.025990239204265714
num2sum__v38__v40,numerical_pair_sums,numerical,absolute_point_biserial,0.019314719483422126
num2sum__v12__v62,numerical_pair_sums,numerical,absolute_point_biserial,0.015602790362387287
num2sum__v12__v40,numerical_pair_sums,numerical,absolute_point_biserial,0.013846459997285772
num2sum__v40__v72,numerical_pair_sums,numerical,absolute_point_biserial,0.008788882722885716
num2sum__v21__v40,numerical_pair_sums,numerical,absolute_point_biserial,0.007465074604510747
num2sum__v21__v62,numerical_pair_sums,numerical,absolute_point_biserial,0.007450119191546399
num2sum__v62__v72,numerical_pair_sums,numerical,absolute_point_biserial,0.0030656096242068502
num2sum__v40__v129,numerical_pair_sums,numerical,absolute_point_biserial,5.15187843331531e-05
rnum__v34,rounded_numeric_categories,categorical,mutual_information,0.54937250068106
rnum__v12,rounded_numeric_categories,categorical,mutual_information,0.549076635844244
rnum__v21,rounded_numeric_categories,categorical,mutual_information,0.5470806231168365
rnum__v50,rounded_numeric_categories,categorical,mutual_information,0.5461843872096059
cat11__v22__v24__v30__v52__v56__v66__v75__v79__v91__v112__v113,high_order_v22_interactions,categorical,mutual_information,0.5450163357733808
cat11__v22__v24__v30__v31__v52__v56__v66__v75__v79__v91__v113,high_order_v22_interactions,categorical,mutual_information,0.5449435777834515
cat11__v22__v24__v30__v47__v52__v56__v66__v75__v79__v91__v113,high_order_v22_interactions,categorical,mutual_information,0.5449435777834514
cat11__v22__v24__v30__v31__v52__v56__v66__v75__v91__v112__v113,high_order_v22_interactions,categorical,mutual_information,0.5448904954487251
cat11__v22__v24__v30__v31__v47__v52__v56__v66__v75__v91__v113,high_order_v22_interactions,categorical,mutual_information,0.5448177374587957
cat11__v22__v24__v30__v47__v52__v56__v75__v79__v91__v112__v113,high_order_v22_interactions,categorical,mutual_information,0.5447686266312703
cat11__v22__v24__v30__v31__v52__v56__v75__v79__v91__v112__v113,high_order_v22_interactions,categorical,mutual_information,0.5447686266312703
cat11__v22__v24__v30__v31__v47__v52__v56__v75__v91__v112__v113,high_order_v22_interactions,categorical,mutual_information,0.5446473633147214
cat11__v22__v24__v30__v31__v47__v52__v56__v75__v79__v91__v113,high_order_v22_interactions,categorical,mutual_information,0.5446473633147214
cat11__v22__v24__v30__v47__v52__v56__v66__v75__v91__v112__v113,high_order_v22_interactions,categorical,mutual_information,0.5445781831411394
cat11__v22__v24__v30__v31__v52__v56__v66__v79__v91__v112__v113,high_order_v22_interactions,categorical,mutual_information,0.5444553151319251
cat11__v22__v24__v30__v47__v52__v56__v66__v79__v91__v112__v113,high_order_v22_interactions,categorical,mutual_information,0.544455315131925
cat11__v22__v24__v30__v31__v47__v52__v56__v66__v79__v91__v113,high_order_v22_interactions,categorical,mutual_information,0.5443704308103408
cat11__v22__v24__v30__v31__v47__v52__v56__v66__v91__v112__v113,high_order_v22_interactions,categorical,mutual_information,0.5443445734543658
cat11__v22__v24__v30__v31__v52__v56__v66__v75__v79__v91__v112,high_order_v22_interactions,categorical,mutual_information,0.5442384087849133
cat11__v22__v24__v30__v47__v52__v56__v66__v75__v79__v91__v112,high_order_v22_interactions,categorical,mutual_information,0.5442384087849133
cat11__v22__v24__v30__v31__v47__v52__v56__v66__v75__v79__v91,high_order_v22_interactions,categorical,mutual_information,0.5441535244633289
cat11__v22__v24__v30__v31__v47__v52__v56__v66__v75__v91__v112,high_order_v22_interactions,categorical,mutual_information,0.5441338488081258
cat11__v22__v30__v47__v52__v56__v66__v75__v79__v91__v112__v113,high_order_v22_interactions,categorical,mutual_information,0.544047965294782
cat11__v22__v30__v31__v52__v56__v66__v75__v79__v91__v112__v113,high_order_v22_interactions,categorical,mutual_information,0.544047965294782
cat11__v22__v24__v30__v31__v47__v52__v56__v79__v91__v112__v113,high_order_v22_interactions,categorical,mutual_information,0.5440165569987778
cat11__v22__v30__v31__v47__v52__v56__v66__v75__v79__v91__v113,high_order_v22_interactions,categorical,mutual_information,0.5439175479620197
cat11__v22__v30__v31__v47__v52__v56__v66__v75__v91__v112__v113,high_order_v22_interactions,categorical,mutual_information,0.543912111746018
cat11__v22__v24__v47__v52__v56__v66__v75__v79__v91__v112__v113,high_order_v22_interactions,categorical,mutual_information,0.5438657018889417
cat11__v22__v24__v31__v52__v56__v66__v75__v79__v91__v112__v113,high_order_v22_interactions,categorical,mutual_information,0.5438657018889417
cat11__v22__v24__v31__v47__v52__v56__v66__v75__v91__v112__v113,high_order_v22_interactions,categorical,mutual_information,0.5437474108878342
cat11__v22__v24__v31__v47__v52__v56__v66__v75__v79__v91__v113,high_order_v22_interactions,categorical,mutual_information,0.5437277352326311
cat11__v22__v24__v30__v31__v47__v52__v56__v75__v79__v91__v112,high_order_v22_interactions,categorical,mutual_information,0.5436099692835055
rnum__v40,rounded_numeric_categories,categorical,mutual_information,0.5435667230639153
cat11__v22__v30__v31__v47__v52__v56__v75__v79__v91__v112__v113,high_order_v22_interactions,categorical,mutual_information,0.543509224192954
cat11__v22__v30__v31__v47__v52__v56__v66__v79__v91__v112__v113,high_order_v22_interactions,categorical,mutual_information,0.5431614183590379
cat11__v22__v24__v31__v47__v52__v56__v75__v79__v91__v112__v113,high_order_v22_interactions,categorical,mutual_information,0.5431569550740563
cat11__v22__v24__v30__v31__v47__v52__v56__v66__v79__v91__v112,high_order_v22_interactions,categorical,mutual_information,0.5430088352097728
cat11__v22__v30__v31__v47__v52__v56__v66__v75__v79__v91__v112,high_order_v22_interactions,categorical,mutual_information,0.5429394179663019
cat11__v22__v24__v31__v47__v52__v56__v66__v79__v91__v112__v113,high_order_v22_interactions,categorical,mutual_information,0.5424143526997068
cat11__v22__v24__v30__v31__v52__v56__v66__v75__v79__v112__v113,high_order_v22_interactions,categorical,mutual_information,0.5423021034155069
cat11__v22__v24__v30__v47__v52__v56__v66__v75__v79__v112__v113,high_order_v22_interactions,categorical,mutual_information,0.5423021034155069
cat11__v22__v24__v30__v31__v47__v52__v56__v66__v75__v112__v113,high_order_v22_interactions,categorical,mutual_information,0.5421171390392173
cat11__v22__v24__v31__v47__v52__v56__v66__v75__v79__v91__v112,high_order_v22_interactions,categorical,mutual_information,0.5420418576137873
cat11__v22__v24__v30__v31__v47__v52__v56__v66__v75__v79__v113,high_order_v22_interactions,categorical,mutual_information,0.5419981025533399
cat11__v22__v31__v47__v52__v56__v66__v75__v79__v91__v112__v113,high_order_v22_interactions,categorical,mutual_information,0.541743237778535
cat11__v22__v24__v30__v31__v47__v52__v56__v75__v79__v112__v113,high_order_v22_interactions,categorical,mutual_information,0.5409811130249964
cat11__v22__v24__v30__v31__v52__v66__v75__v79__v91__v112__v113,high_order_v22_interactions,categorical,mutual_information,0.5409326452494607
cat11__v22__v24__v30__v31__v47__v52__v66__v75__v79__v91__v113,high_order_v22_interactions,categorical,mutual_information,0.5408386069116631
cat11__v22__v24__v30__v31__v47__v52__v56__v66__v79__v112__v113,high_order_v22_interactions,categorical,mutual_information,0.5401208680482851
cat11__v22__v24__v30__v31__v47__v52__v66__v79__v91__v112__v113,high_order_v22_interactions,categorical,mutual_information,0.5400463433979698
cat11__v22__v24__v30__v47__v52__v66__v75__v79__v91__v112__v113,high_order_v22_interactions,categorical,mutual_information,0.5398234924200749
cat11__v22__v24__v30__v31__v47__v52__v75__v79__v91__v112__v113,high_order_v22_interactions,categorical,mutual_information,0.5397001588938193
cat11__v22__v24__v30__v31__v47__v52__v56__v66__v75__v79__v112,high_order_v22_interactions,categorical,mutual_information,0.539571874650655
cat11__v22__v24__v30__v31__v47__v52__v66__v75__v91__v112__v113,high_order_v22_interactions,categorical,mutual_information,0.539548770109265
cat11__v22__v24__v30__v31__v56__v66__v75__v79__v91__v112__v113,high_order_v22_interactions,categorical,mutual_information,0.5393757671495942
cat11__v22__v24__v30__v47__v56__v66__v75__v79__v91__v112__v113,high_order_v22_interactions,categorical,mutual_information,0.5393757671495942
rnum__v114,rounded_numeric_categories,categorical,mutual_information,0.5391342134236761
cat11__v22__v30__v31__v47__v52__v56__v66__v75__v79__v112__v113,high_order_v22_interactions,categorical,mutual_information,0.5391319701296589
cat11__v22__v24__v30__v31__v47__v56__v66__v75__v91__v112__v113,high_order_v22_interactions,categorical,mutual_information,0.5390810769246056
cat11__v22__v24__v30__v31__v47__v56__v66__v75__v79__v91__v113,high_order_v22_interactions,categorical,mutual_information,0.5390016121819224
cat11__v22__v24__v31__v47__v52__v66__v75__v79__v91__v112__v113,high_order_v22_interactions,categorical,mutual_information,0.5387099996524711
cat11__v22__v30__v31__v47__v52__v66__v75__v79__v91__v112__v113,high_order_v22_interactions,categorical,mutual_information,0.5386018365994996
cat11__v22__v24__v30__v31__v47__v52__v66__v75__v79__v91__v112,high_order_v22_interactions,categorical,mutual_information,0.538526246277993
cat11__v22__v24__v31__v47__v52__v56__v66__v75__v79__v112__v113,high_order_v22_interactions,categorical,mutual_information,0.5380155099147899
cat11__v22__v24__v30__v31__v47__v56__v75__v79__v91__v112__v113,high_order_v22_interactions,categorical,mutual_information,0.5367333004118066
cat11__v22__v24__v30__v31__v47__v52__v66__v75__v79__v112__v113,high_order_v22_interactions,categorical,mutual_information,0.5361337801936985
cat11__v22__v24__v30__v31__v47__v56__v66__v79__v91__v112__v113,high_order_v22_interactions,categorical,mutual_information,0.5360425466245111
cat11__v22__v30__v31__v47__v56__v66__v75__v79__v91__v112__v113,high_order_v22_interactions,categorical,mutual_information,0.5345364322420785
cat11__v22__v24__v30__v31__v47__v56__v66__v75__v79__v91__v112,high_order_v22_interactions,categorical,mutual_information,0.5340833136654091
cat11__v22__v24__v31__v47__v56__v66__v75__v79__v91__v112__v113,high_order_v22_interactions,categorical,mutual_information,0.5317997349878314
cat11__v22__v24__v30__v31__v47__v66__v75__v79__v91__v112__v113,high_order_v22_interactions,categorical,mutual_information,0.5311364464926556
cat11__v22__v24__v30__v31__v47__v56__v66__v75__v79__v112__v113,high_order_v22_interactions,categorical,mutual_information,0.5233469265212325
cat3__v22__v52__v56,categorical_3way_v22,categorical,mutual_information,0.48756549076709
cat3__v22__v56__v91,categorical_3way_v22,categorical,mutual_information,0.4525880441104108
cat3__v22__v56__v113,categorical_3way_v22,categorical,mutual_information,0.4259847503204305
cat3__v22__v52__v113,categorical_3way_v22,categorical,mutual_information,0.42321862497866897
cat3__v22__v30__v56,categorical_3way_v22,categorical,mutual_information,0.4223040203461117
cat3__v22__v52__v79,categorical_3way_v22,categorical,mutual_information,0.4178955175219685
cat3__v22__v24__v56,categorical_3way_v22,categorical,mutual_information,0.41171121896113977
cat3__v22__v52__v91,categorical_3way_v22,categorical,mutual_information,0.4090949394976487
cat3__v22__v56__v75,categorical_3way_v22,categorical,mutual_information,0.3908787074890806
cat3__v22__v56__v66,categorical_3way_v22,categorical,mutual_information,0.38948406107377154
cat3__v22__v56__v79,categorical_3way_v22,categorical,mutual_information,0.38348107536382703
cat3__v22__v47__v52,categorical_3way_v22,categorical,mutual_information,0.38096154773131
cat3__v22__v24__v52,categorical_3way_v22,categorical,mutual_information,0.37698047078962693
cat3__v22__v30__v52,categorical_3way_v22,categorical,mutual_information,0.3768919246162593
cat3__v22__v91__v113,categorical_3way_v22,categorical,mutual_information,0.376785542099639
cat3__v22__v47__v56,categorical_3way_v22,categorical,mutual_information,0.3717246248232634
cat3__v22__v31__v56,categorical_3way_v22,categorical,mutual_information,0.36797278738702427
cat3__v22__v79__v91,categorical_3way_v22,categorical,mutual_information,0.361811551524471
cat3__v22__v52__v66,categorical_3way_v22,categorical,mutual_information,0.3580654320163379
cat3__v22__v56__v112,categorical_3way_v22,categorical,mutual_information,0.3537060190262967
cat2__v22__v56,categorical_2way,categorical,mutual_information,0.3493708557316649
cat3__v22__v24__v113,categorical_3way_v22,categorical,mutual_information,0.3486364633295121
cat3__v22__v79__v113,categorical_3way_v22,categorical,mutual_information,0.34837404087001356
cat3__v22__v30__v113,categorical_3way_v22,categorical,mutual_information,0.345688381213778
cat3__v22__v52__v75,categorical_3way_v22,categorical,mutual_information,0.3341205307759705
cat3__v22__v30__v79,categorical_3way_v22,categorical,mutual_information,0.3308253269652009
cat3__v22__v24__v79,categorical_3way_v22,categorical,mutual_information,0.329114718205374
cat3__v22__v31__v52,categorical_3way_v22,categorical,mutual_information,0.32576299914644835
cat3__v22__v47__v91,categorical_3way_v22,categorical,mutual_information,0.31942923723470734
cat3__v22__v66__v113,categorical_3way_v22,categorical,mutual_information,0.3176215416774061
cat3__v22__v24__v91,categorical_3way_v22,categorical,mutual_information,0.3172381026358468
cat3__v22__v30__v91,categorical_3way_v22,categorical,mutual_information,0.3141217839374573
cat3__v22__v47__v113,categorical_3way_v22,categorical,mutual_information,0.3121581405956857
cat3__v22__v66__v79,categorical_3way_v22,categorical,mutual_information,0.3110751265778424
cat3__v22__v75__v113,categorical_3way_v22,categorical,mutual_information,0.30421481081086776
cat3__v22__v31__v113,categorical_3way_v22,categorical,mutual_information,0.2990156245588101
cat3__v22__v66__v91,categorical_3way_v22,categorical,mutual_information,0.2936706538055689
cat3__v22__v24__v47,categorical_3way_v22,categorical,mutual_information,0.2916021599524967
cat3__v22__v30__v47,categorical_3way_v22,categorical,mutual_information,0.28947330250699205
cat3__v22__v75__v79,categorical_3way_v22,categorical,mutual_information,0.28926594428841423
rnum__v10,rounded_numeric_categories,categorical,mutual_information,0.28801291022170283
cat3__v22__v52__v112,categorical_3way_v22,categorical,mutual_information,0.28680644298614033
cat3__v22__v24__v30,categorical_3way_v22,categorical,mutual_information,0.28346402729085496
cat2__v22__v52,categorical_2way,categorical,mutual_information,0.28049372858313437
cat3__v22__v112__v113,categorical_3way_v22,categorical,mutual_information,0.2727925226521368
cat3__v22__v47__v66,categorical_3way_v22,categorical,mutual_information,0.27074097185454327
rnum__v14,rounded_numeric_categories,categorical,mutual_information,0.27026686775688513
cat2__v22__v113,categorical_2way,categorical,mutual_information,0.2666728427683185
cat3__v22__v75__v91,categorical_3way_v22,categorical,mutual_information,0.26660945833622274
cat3__v22__v24__v66,categorical_3way_v22,categorical,mutual_information,0.26465413914568875
cat3__v22__v31__v91,categorical_3way_v22,categorical,mutual_information,0.2625941086615446
cat3__v22__v30__v66,categorical_3way_v22,categorical,mutual_information,0.2607092700059395
cat3__v22__v31__v79,categorical_3way_v22,categorical,mutual_information,0.2560875015926165
cat3__v22__v79__v112,categorical_3way_v22,categorical,mutual_information,0.25095679342847627
cat3__v22__v47__v79,categorical_3way_v22,categorical,mutual_information,0.24538100719681677
cat2__v22__v79,categorical_2way,categorical,mutual_information,0.24521840945863893
cat3__v22__v47__v75,categorical_3way_v22,categorical,mutual_information,0.24520325092854467
cat3__v22__v24__v31,categorical_3way_v22,categorical,mutual_information,0.23805365947152296
cat3__v22__v24__v75,categorical_3way_v22,categorical,mutual_information,0.2369239581344346
cat3__v22__v30__v31,categorical_3way_v22,categorical,mutual_information,0.235936029346828
cat3__v22__v30__v75,categorical_3way_v22,categorical,mutual_information,0.235787089463203
cat3__v22__v31__v47,categorical_3way_v22,categorical,mutual_information,0.22643576668195858
cat3__v22__v91__v112,categorical_3way_v22,categorical,mutual_information,0.2222123223223146
cat2__v22__v91,categorical_2way,categorical,mutual_information,0.21416606309007963
cat3__v22__v31__v66,categorical_3way_v22,categorical,mutual_information,0.21412378697282108
cat3__v22__v66__v75,categorical_3way_v22,categorical,mutual_information,0.21326856137345615
cat3__v22__v47__v112,categorical_3way_v22,categorical,mutual_information,0.20771007882853743
cat2__v22__v47,categorical_2way,categorical,mutual_information,0.2009708569823666
cat3__v22__v24__v112,categorical_3way_v22,categorical,mutual_information,0.19780937425695244
cat3__v22__v30__v112,categorical_3way_v22,categorical,mutual_information,0.19716671045634615
cat2__v22__v24,categorical_2way,categorical,mutual_information,0.19035655416738342
cat3__v22__v31__v75,categorical_3way_v22,categorical,mutual_information,0.19030991438763567
cat2__v22__v30,categorical_2way,categorical,mutual_information,0.1890534228088687
cat3__v22__v66__v112,categorical_3way_v22,categorical,mutual_information,0.1763978583769994
cat2__v22__v66,categorical_2way,categorical,mutual_information,0.16825669725882197
cat3__v22__v31__v112,categorical_3way_v22,categorical,mutual_information,0.1583170511568881
cat2__v22__v31,categorical_2way,categorical,mutual_information,0.15031893235524646
cat3__v22__v75__v112,categorical_3way_v22,categorical,mutual_information,0.15015389852310074
cat2__v22__v75,categorical_2way,categorical,mutual_information,0.14157997646271525
cat2__v22__v112,categorical_2way,categorical,mutual_information,0.11182135460250765
cat1__v22,categorical_1way,categorical,mutual_information,0.10331184673649532
cat2__v56__v79,categorical_2way,categorical,mutual_information,0.045331898077873245
cat2__v56__v113,categorical_2way,categorical,mutual_information,0.0435550941024912
cat2__v56__v66,categorical_2way,categorical,mutual_information,0.041438364970575015
cat2__v47__v56,categorical_2way,categorical,mutual_information,0.03990702845794791
cat2__v31__v56,categorical_2way,categorical,mutual_information,0.039463274541125436
cat2__v24__v56,categorical_2way,categorical,mutual_information,0.037804818188981744
cat2__v56__v112,categorical_2way,categorical,mutual_information,0.037575694088877634
cat2__v66__v79,categorical_2way,categorical,mutual_information,0.03417146837669645
cat2__v52__v56,categorical_2way,categorical,mutual_information,0.03364497591919331
cat2__v30__v56,categorical_2way,categorical,mutual_information,0.0328370748787424
cat2__v56__v91,categorical_2way,categorical,mutual_information,0.03172645667649909
cat2__v56__v75,categorical_2way,categorical,mutual_information,0.030389382038809244
cat1__v56,categorical_1way,categorical,mutual_information,0.029460932452032053
cat2__v31__v66,categorical_2way,categorical,mutual_information,0.02943577378500796
cat2__v79__v113,categorical_2way,categorical,mutual_information,0.02878860231282399
cat2__v24__v79,categorical_2way,categorical,mutual_information,0.02810446352841082
cat2__v47__v66,categorical_2way,categorical,mutual_information,0.026606863117946373
cat2__v31__v113,categorical_2way,categorical,mutual_information,0.025927816494851364
cat2__v79__v112,categorical_2way,categorical,mutual_information,0.025188225761096018
cat2__v31__v79,categorical_2way,categorical,mutual_information,0.024637266642853057
cat2__v30__v79,categorical_2way,categorical,mutual_information,0.024197308172981255
cat2__v66__v113,categorical_2way,categorical,mutual_information,0.02417380741103412
cat2__v52__v79,categorical_2way,categorical,mutual_information,0.023718626487100724
cat2__v79__v91,categorical_2way,categorical,mutual_information,0.023119682909127477
cat2__v75__v79,categorical_2way,categorical,mutual_information,0.023100285195421004
cat2__v31__v47,categorical_2way,categorical,mutual_information,0.023018336420987693
cat2__v47__v79,categorical_2way,categorical,mutual_information,0.022782470404589267
cat1__v79,categorical_1way,categorical,mutual_information,0.022720341784888784
cat2__v24__v31,categorical_2way,categorical,mutual_information,0.020558546843453068
cat2__v47__v113,categorical_2way,categorical,mutual_information,0.020341580874816377
cat2__v31__v112,categorical_2way,categorical,mutual_information,0.019686543867786517
cat2__v30__v31,categorical_2way,categorical,mutual_information,0.01962064404645352
cat2__v112__v113,categorical_2way,categorical,mutual_information,0.019444035498796856
cat2__v31__v52,categorical_2way,categorical,mutual_information,0.019261226102202544
cat2__v31__v91,categorical_2way,categorical,mutual_information,0.019108781376120817
cat2__v31__v75,categorical_2way,categorical,mutual_information,0.01903019929576988
cat2__v24__v113,categorical_2way,categorical,mutual_information,0.018920154822561455
cat1__v31,categorical_1way,categorical,mutual_information,0.018805849915591397
cat2__v24__v47,categorical_2way,categorical,mutual_information,0.01731391362778653
cat2__v52__v113,categorical_2way,categorical,mutual_information,0.01714893744517905
cat2__v30__v113,categorical_2way,categorical,mutual_information,0.017125413323177966
cat2__v47__v112,categorical_2way,categorical,mutual_information,0.0161992023662864
cat2__v91__v113,categorical_2way,categorical,mutual_information,0.015986198034936755
cat2__v30__v47,categorical_2way,categorical,mutual_information,0.01593570502505283
cat2__v75__v113,categorical_2way,categorical,mutual_information,0.015370716466757701
cat2__v47__v52,categorical_2way,categorical,mutual_information,0.015009134101470069
cat1__v113,categorical_1way,categorical,mutual_information,0.014955930695660792
cat2__v47__v75,categorical_2way,categorical,mutual_information,0.014876509421297453
rnum__v129,rounded_numeric_categories,categorical,mutual_information,0.014804218614707924
cat2__v47__v91,categorical_2way,categorical,mutual_information,0.014754332335548544
cat1__v47,categorical_1way,categorical,mutual_information,0.014506501664262816
cat2__v24__v66,categorical_2way,categorical,mutual_information,0.013204154837407805
rnum__v62,rounded_numeric_categories,categorical,mutual_information,0.013088336162074977
cat2__v30__v66,categorical_2way,categorical,mutual_information,0.012866976852714023
cat2__v66__v91,categorical_2way,categorical,mutual_information,0.012392605664046104
cat2__v66__v112,categorical_2way,categorical,mutual_information,0.012207887889767711
cat2__v66__v75,categorical_2way,categorical,mutual_information,0.011933303387099282
cat2__v52__v66,categorical_2way,categorical,mutual_information,0.01188111299311257
cat1__v66,categorical_1way,categorical,mutual_information,0.011619042615019837
rnum__v72,rounded_numeric_categories,categorical,mutual_information,0.004328324827696005
rnum__v38,rounded_numeric_categories,categorical,mutual_information,0.003938951604270607
cat2__v24__v30,categorical_2way,categorical,mutual_information,0.003055957323894453
cat2__v30__v112,categorical_2way,categorical,mutual_information,0.0024730715059767296
cat2__v30__v91,categorical_2way,categorical,mutual_information,0.0019776072381846076
cat2__v30__v52,categorical_2way,categorical,mutual_information,0.0018160940357561653
cat2__v24__v112,categorical_2way,categorical,mutual_information,0.001815989966017904
cat2__v24__v91,categorical_2way,categorical,mutual_information,0.0016847128747075968
cat2__v52__v112,categorical_2way,categorical,mutual_information,0.0015489454786486597
cat2__v91__v112,categorical_2way,categorical,mutual_information,0.0015073472763746842
cat2__v24__v52,categorical_2way,categorical,mutual_information,0.0014146065945688808
cat2__v30__v75,categorical_2way,categorical,mutual_information,0.0013394124585916745
cat1__v30,categorical_1way,categorical,mutual_information,0.0012506999613733465
cat2__v24__v75,categorical_2way,categorical,mutual_information,0.001160583006947467
cat1__v24,categorical_1way,categorical,mutual_information,0.0010529370462955476
cat2__v52__v91,categorical_2way,categorical,mutual_information,0.0010314889543738225
cat2__v75__v91,categorical_2way,categorical,mutual_information,0.0006500562319497628
cat2__v75__v112,categorical_2way,categorical,mutual_information,0.0005846076754814951
cat1__v91,categorical_1way,categorical,mutual_information,0.0005441120512751753
cat1__v112,categorical_1way,categorical,mutual_information,0.0003392094672188149
cat2__v52__v75,categorical_2way,categorical,mutual_information,0.00028013159455266565
cat1__v52,categorical_1way,categorical,mutual_information,0.00013275068205330105
cat1__v75,categorical_1way,categorical,mutual_information,1.9496812379340154e-05
