model,feature_set,fold,feature,importance
catboost,expert_base_only,1,v10,2.215232147583065
catboost,expert_base_only,1,v12,1.898023480105649
catboost,expert_base_only,1,v14,1.5271428573359025
catboost,expert_base_only,1,v21,2.412627227731927
catboost,expert_base_only,1,v34,1.927054466244598
catboost,expert_base_only,1,v38,1.1811555804705087
catboost,expert_base_only,1,v40,2.8105769178851827
catboost,expert_base_only,1,v50,23.708415039659346
catboost,expert_base_only,1,v62,0.8772478399328264
catboost,expert_base_only,1,v72,4.432554353562647
catboost,expert_base_only,1,v114,1.4885476197561767
catboost,expert_base_only,1,v129,0.6321093983193946
catboost,expert_base_only,1,cat1__v22,6.893184616528533
catboost,expert_base_only,1,cat1__v24,2.6272721761425895
catboost,expert_base_only,1,cat1__v30,2.5117059217825957
catboost,expert_base_only,1,cat1__v31,3.6790922680581715
catboost,expert_base_only,1,cat1__v47,3.5591673296920856
catboost,expert_base_only,1,cat1__v52,3.712534401050194
catboost,expert_base_only,1,cat1__v56,8.12918585100079
catboost,expert_base_only,1,cat1__v66,12.686278726236399
catboost,expert_base_only,1,cat1__v75,0.9881414878135146
catboost,expert_base_only,1,cat1__v79,3.5346902066767596
catboost,expert_base_only,1,cat1__v91,1.2559219635211418
catboost,expert_base_only,1,cat1__v112,1.287717805406842
catboost,expert_base_only,1,cat1__v113,4.024420317503246
catboost,expert_base_only,2,v10,1.8590497253301068
catboost,expert_base_only,2,v12,2.029840439751187
catboost,expert_base_only,2,v14,0.8592801457096592
catboost,expert_base_only,2,v21,2.445104154220268
catboost,expert_base_only,2,v34,2.4527021461676086
catboost,expert_base_only,2,v38,0.7132901973768253
catboost,expert_base_only,2,v40,1.6751015194493482
catboost,expert_base_only,2,v50,24.193264201710466
catboost,expert_base_only,2,v62,0.786408954056633
catboost,expert_base_only,2,v72,4.77509849121728
catboost,expert_base_only,2,v114,1.6978242647482695
catboost,expert_base_only,2,v129,0.6134063198200338
catboost,expert_base_only,2,cat1__v22,6.503856873853152
catboost,expert_base_only,2,cat1__v24,2.887670734818733
catboost,expert_base_only,2,cat1__v30,2.504478977088127
catboost,expert_base_only,2,cat1__v31,2.2807445939162743
catboost,expert_base_only,2,cat1__v47,2.448518322939994
catboost,expert_base_only,2,cat1__v52,3.654850555088246
catboost,expert_base_only,2,cat1__v56,9.531510409243875
catboost,expert_base_only,2,cat1__v66,13.356613798678042
catboost,expert_base_only,2,cat1__v75,1.109391476877396
catboost,expert_base_only,2,cat1__v79,4.718669854457499
catboost,expert_base_only,2,cat1__v91,1.385643389280998
catboost,expert_base_only,2,cat1__v112,1.1352863835423714
catboost,expert_base_only,2,cat1__v113,4.382394070657663
catboost,expert_base_only,3,v10,1.7050824604782708
catboost,expert_base_only,3,v12,1.754726653171834
catboost,expert_base_only,3,v14,1.4792617129193721
catboost,expert_base_only,3,v21,1.9432409435314182
catboost,expert_base_only,3,v34,1.9401217004357345
catboost,expert_base_only,3,v38,0.5645540573293577
catboost,expert_base_only,3,v40,2.3468112742585907
catboost,expert_base_only,3,v50,24.167213395721756
catboost,expert_base_only,3,v62,1.175472157876843
catboost,expert_base_only,3,v72,4.505343014650579
catboost,expert_base_only,3,v114,2.1261525560615224
catboost,expert_base_only,3,v129,0.37937773914469164
catboost,expert_base_only,3,cat1__v22,6.840864583093714
catboost,expert_base_only,3,cat1__v24,3.4079017738240345
catboost,expert_base_only,3,cat1__v30,1.713257376620981
catboost,expert_base_only,3,cat1__v31,4.516038773959204
catboost,expert_base_only,3,cat1__v47,3.220532200954967
catboost,expert_base_only,3,cat1__v52,2.676743997996897
catboost,expert_base_only,3,cat1__v56,8.341437410087625
catboost,expert_base_only,3,cat1__v66,13.49866582037113
catboost,expert_base_only,3,cat1__v75,1.1575535779849575
catboost,expert_base_only,3,cat1__v79,3.591297014400212
catboost,expert_base_only,3,cat1__v91,1.6927463349264757
catboost,expert_base_only,3,cat1__v112,0.9671502418907723
catboost,expert_base_only,3,cat1__v113,4.288453228309003
catboost,expert_base_only,4,v10,2.450079629403417
catboost,expert_base_only,4,v12,2.3021915508198
catboost,expert_base_only,4,v14,1.3198415967300159
catboost,expert_base_only,4,v21,2.581319186814835
catboost,expert_base_only,4,v34,2.14150598926946
catboost,expert_base_only,4,v38,0.6421183738656511
catboost,expert_base_only,4,v40,2.291136271193966
catboost,expert_base_only,4,v50,22.379965197181097
catboost,expert_base_only,4,v62,0.3555681998163568
catboost,expert_base_only,4,v72,5.096803997055978
catboost,expert_base_only,4,v114,2.5571745361344953
catboost,expert_base_only,4,v129,0.6920599335032259
catboost,expert_base_only,4,cat1__v22,7.002033011401567
catboost,expert_base_only,4,cat1__v24,1.8700822686432579
catboost,expert_base_only,4,cat1__v30,2.927705458653371
catboost,expert_base_only,4,cat1__v31,2.5088993372238924
catboost,expert_base_only,4,cat1__v47,4.269950165461159
catboost,expert_base_only,4,cat1__v52,3.8205011276664256
catboost,expert_base_only,4,cat1__v56,9.394689922469079
catboost,expert_base_only,4,cat1__v66,11.869169413817236
catboost,expert_base_only,4,cat1__v75,1.1604664695961053
catboost,expert_base_only,4,cat1__v79,3.5175205702254178
catboost,expert_base_only,4,cat1__v91,1.2985616389485457
catboost,expert_base_only,4,cat1__v112,1.5226839699933872
catboost,expert_base_only,4,cat1__v113,4.02797218411224
catboost,expert_base_only,5,v10,2.232147925437589
catboost,expert_base_only,5,v12,1.459207581126691
catboost,expert_base_only,5,v14,1.2002706615054965
catboost,expert_base_only,5,v21,2.0252397020829767
catboost,expert_base_only,5,v34,1.8207799721223703
catboost,expert_base_only,5,v38,0.6683035841732595
catboost,expert_base_only,5,v40,1.826366789625514
catboost,expert_base_only,5,v50,23.242701948870845
catboost,expert_base_only,5,v62,0.9345370902445795
catboost,expert_base_only,5,v72,5.2118692758160154
catboost,expert_base_only,5,v114,2.173227909025862
catboost,expert_base_only,5,v129,1.0758395476026035
catboost,expert_base_only,5,cat1__v22,7.085804313280409
catboost,expert_base_only,5,cat1__v24,1.8885327559853353
catboost,expert_base_only,5,cat1__v30,1.9471828673229692
catboost,expert_base_only,5,cat1__v31,3.285715758764548
catboost,expert_base_only,5,cat1__v47,3.462635081730056
catboost,expert_base_only,5,cat1__v52,4.288261437924768
catboost,expert_base_only,5,cat1__v56,9.63367164444786
catboost,expert_base_only,5,cat1__v66,12.892332957987218
catboost,expert_base_only,5,cat1__v75,1.148525889943484
catboost,expert_base_only,5,cat1__v79,3.744989349352909
catboost,expert_base_only,5,cat1__v91,1.3396277634091553
catboost,expert_base_only,5,cat1__v112,0.9440525669961785
catboost,expert_base_only,5,cat1__v113,4.468175625221358
