model,feature_set,fold,train_rows,valid_rows,best_iteration,training_seconds,run_seconds,resumed,log_loss,roc_auc,average_precision,brier_score
dummy_prior,expert_base_only,1,91456,22865,,0.0029779000001326494,0.003464999999778229,False,0.5496845474532785,0.5,0.7612070850645091,0.1817708588211807
dummy_prior,expert_base_only,2,91457,22864,,0.0029787000003125286,0.0039808999999877415,False,0.5496966547582078,0.5,0.7611966410076977,0.18177631473311373
dummy_prior,expert_base_only,3,91457,22864,,0.0021145000000615255,0.002493500000127824,False,0.5496966547582078,0.5,0.7611966410076977,0.18177631473311373
dummy_prior,expert_base_only,4,91457,22864,,0.001876400000128342,0.0022555000000465952,False,0.5496966547582078,0.5,0.7611966410076977,0.18177631473311373
dummy_prior,expert_base_only,5,91457,22864,,0.0023224000001391687,0.002789199999824632,False,0.5496966547582078,0.5,0.7611966410076977,0.18177631473311373
catboost,expert_base_only,1,91456,22865,998,132.36241940000002,1.9956806000000142,True,0.44559676652922775,0.7826590975815336,0.9164498119804476,0.14453066044253768
catboost,expert_base_only,2,91457,22864,995,175.09140579999985,2.0414537000001474,True,0.44097486777522826,0.7890115678009266,0.9198346056653741,0.1429802193514285
catboost,expert_base_only,3,91457,22864,981,175.47885900000006,1.9109277000002294,True,0.44329267481486617,0.786189540655468,0.9180216651942064,0.14375656811300433
catboost,expert_base_only,4,91457,22864,998,189.8280268000001,1.9609270000000834,True,0.44296917424110227,0.7852946735330095,0.9188381825971625,0.14396660869071765
catboost,expert_base_only,5,91457,22864,976,203.46048440000004,1.9431189000001723,True,0.44283976396783553,0.7883403924658808,0.9186345684765745,0.14369218142966833
